ocid,id,awards/0/id,awards/0/description,awards/0/value/amount,awards/0/value/currency
ocds-lcuori-5118,ocds-lcuori-5118/3-contract,5118,Utiles de Oficina para la UCP,22079.100000000002,HNL
ocds-lcuori-5120,ocds-lcuori-5120/3-contract,5120,COmpra de Suministros para los departamentos de Gente de Mar Cecamarh Asesoria Legal Secretaria General Almacen,21407.3,HNL
ocds-lcuori-5234,ocds-lcuori-5234/3-contract,5234,compra de papeleria y suministros ,2080.695,HNL
ocds-lcuori-5115,ocds-lcuori-5115/3-contract,5115,Compra de papeleria y suministros,4807.656,HNL
ocds-lcuori-5116,ocds-lcuori-5116/3-contract,5116,Utiles de Oficina para la Unidad Coordinadora del Programa UCP,10669.68,HNL
ocds-lcuori-5124,ocds-lcuori-5124/3-contract,5124,PARA USO DE LA INSTITUCION,1372.0,HNL
ocds-lcuori-5122,ocds-lcuori-5122/3-contract,5122,Tribunal de Sentencia de tegucigalpa,431.2,HNL
ocds-lcuori-5126,ocds-lcuori-5126/3-contract,5126,El Cuerpo de Bomberos esta excento del ISV,1450.1200000000001,HNL
ocds-lcuori-5127,ocds-lcuori-5127/3-contract,5127,PARA USO DE LOS DIFERENTES DEPARTAMENTO DE PRONADERS,3792.0,HNL
ocds-lcuori-5132,ocds-lcuori-5132/3-contract,5132,Para ser utilizadas en el departamento de OTPSCI,4109.64,HNL
ocds-lcuori-5130,ocds-lcuori-5130/3-contract,5130,Centro Integrado de Servicios Judiciales,4183.2,HNL
ocds-lcuori-5135,ocds-lcuori-5135/3-contract,5135,Compra de material para las diferentes Dependencias para el control de Registro de cada departamento,5040.0,HNL
ocds-lcuori-5134,ocds-lcuori-5134/3-contract,5134,Para el departamento de OTPSCI,9218.08,HNL
ocds-lcuori-5139,ocds-lcuori-5139/3-contract,5139,Compra de suministros para los diferentes departamentos de la DGMM,8204.56,HNL
ocds-lcuori-5138,ocds-lcuori-5138/3-contract,5138,Para uso de la Fotocopiadora ubicada en el departamento de Administracion,6199.650000000001,HNL
ocds-lcuori-5143,ocds-lcuori-5143/3-contract,5143,COMPRA DE MATERIAL DE OFICINA,3222.75,HNL
ocds-lcuori-5142,ocds-lcuori-5142/3-contract,5142,COMPRA DE MATERIAL DE OFICINA,86.0,HNL
ocds-lcuori-5144,ocds-lcuori-5144/3-contract,5144,COMPRA DE MATERIAL DE OFICINA,1696.0,HNL
ocds-lcuori-5149,ocds-lcuori-5149/3-contract,5149,PAPELERIA PARA SUPLIR A TODA LA INSTITUCION,118552.75,HNL
ocds-lcuori-5150,ocds-lcuori-5150/3-contract,5150,SOLICITADO POR EL ALMACEN CENTRAL Y SUPLIR A TODA LA INSTITUCION ,872.85,HNL
ocds-lcuori-5151,ocds-lcuori-5151/3-contract,5151,SOLICITADO POR EL ALMACEN CENTRAL PARA SUPLIR A TODA LA INSTITUCION,88248.45,HNL
ocds-lcuori-5152,ocds-lcuori-5152/3-contract,5152,Compra de cajas tama?o oficio para archivo Institucional,5980.0,HNL
ocds-lcuori-5153,ocds-lcuori-5153/3-contract,5153,Solicitado por La Direccion Administrativa del Centro Integrado de Servicios Judiciales Multiples,4295.25,HNL
ocds-lcuori-5156,ocds-lcuori-5156/3-contract,5156,Para uso de Equipo Informatico,1552.5,HNL
ocds-lcuori-5155,ocds-lcuori-5155/3-contract,5155,para uso en el DEPARTAMENTO DE aDMINISTRACION POR LA Secretaria P M Sofia Umanzor,690.0,HNL
ocds-lcuori-5157,ocds-lcuori-5157/3-contract,5157,Solicitado por El Tribunal de Sentencia de Tegucigalpa,442.75,HNL
ocds-lcuori-5160,ocds-lcuori-5160/3-contract,5160,suministro para proveeduria de la institucion,435.80400000000003,HNL
ocds-lcuori-5163,ocds-lcuori-5163/3-contract,5163,Compra de 2000 botellones de agua purificada para ser distribuidos en las oficinas y edificios de HONDUTEL en tegucigalpa y comayaguela correspondiente al mes de enero de 2014,,
ocds-lcuori-5161,ocds-lcuori-5161/3-contract,5161,Compra de 2000 botellones de agua purificada para ser distribuidos en las oficinas y edificios de HONDUTEL en tegucigalpa y comayaguela correspondiente al mes de enero de 2014,50000.0,HNL
ocds-lcuori-5162,ocds-lcuori-5162/3-contract,5162,Compra de 2000 botellones de agua purificada para ser distribuidos en las oficinas y edificios de HONDUTEL en tegucigalpa y comayaguela correspondiente al mes de enero de 2014,,
ocds-lcuori-5167,ocds-lcuori-5167/3-contract,5167,suministro de oficina,26692.6475,HNL
ocds-lcuori-5410,ocds-lcuori-5410/3-contract,5410,Para ser utilizado en Auditoria Interna,6738.816000000001,HNL
ocds-lcuori-5171,ocds-lcuori-5171/3-contract,5171,para uso de equipo de la DGMM,2461.368,HNL
ocds-lcuori-5524,ocds-lcuori-5524/3-contract,5524,PRODUCTOS QUE SERAN DISTRIBUIDOS EN LOS DIFERENTES CENTROS EDUCATIVOS DEL DEPARTAMENTO,20479.75,HNL
ocds-lcuori-5170,ocds-lcuori-5170/3-contract,5170,compra de suministros para las diferentes dependencias,1863.0,HNL
ocds-lcuori-5175,ocds-lcuori-5175/3-contract,5175,Estos toner han sido solicitados por la Fiscalia de la Mujer,4806.747,HNL
ocds-lcuori-5176,ocds-lcuori-5176/3-contract,5176,COMPRA DE AGUA EN PRESENTACION DE 5 GALONES PARA CONSUMO  INTERNO DE PERSONAL Y CIUDADANOS QUE VISITAN EL IAIP,10000.0,HNL
ocds-lcuori-5174,ocds-lcuori-5174/3-contract,5174,Estos toner han sido solicitados por la Fiscalia de la Mujer,11661.184,HNL
ocds-lcuori-5179,ocds-lcuori-5179/3-contract,5179,Estos materiales han sido solicitados por el encargado de la proveeduria central para abastecer las diferentes oficinas de Tegucigalpa Catacamas Juticalpa Danli El Paraiso y Talanga,160996.375,HNL
ocds-lcuori-5180,ocds-lcuori-5180/3-contract,5180,Estos materiales han sido solicitados por el encargado de la proveeduria central del MP para abastecer las diferentes oficinas de Tegucigalpa Catacamas Juticalpa Danli El Paraiso y Talanga,230513.0,HNL
ocds-lcuori-5181,ocds-lcuori-5181/3-contract,5181,Este material ha sido solicitado por la Proveeduria Central del MP para abastecer las diferentes oficinas de Tegucigalpa Catacamas Danli El Parasio Juticalpa y Talanga,264601.55,HNL
ocds-lcuori-5182,ocds-lcuori-5182/3-contract,5182,Este material ha sido solicitado por el Departamento de Personal,1184.5,HNL
ocds-lcuori-5187,ocds-lcuori-5187/3-contract,5187,Para ser Utilizado en el Departamento Oficina Tecnica de Prevencion y Seguridad Contra Incendios OTPSCI,7038.0,HNL
ocds-lcuori-5188,ocds-lcuori-5188/3-contract,5188,Solicitado por el Centro de Integracion de Servicios Judiciales Multiples,385.25,HNL
ocds-lcuori-5185,ocds-lcuori-5185/3-contract,5185,Compra de materiales y utiles de oficina solicitadas por varios Departamentos y Unidas de la Institucion ,4099.8150000000005,HNL
ocds-lcuori-5186,ocds-lcuori-5186/3-contract,5186,Para ser Utilizado en Departamento RRHH,5054.112,HNL
ocds-lcuori-5191,ocds-lcuori-5191/3-contract,5191,compra de Rollon color rojo solicitados por el Gestion de Procesos ,370.01250000000005,HNL
ocds-lcuori-5192,ocds-lcuori-5192/3-contract,5192,SOLICITADO POR DESPACHO DEL SE?OR MINISTRO,4572.5725,HNL
ocds-lcuori-5193,ocds-lcuori-5193/3-contract,5193,COMPRA DE 2 CARTUCHOS DE TINTA COLOR NEGRO C9364WL HP 98 Y 2 CARTUCHOS DE TINTA TRICOLOR C8766WL HP 95 SOLICITADOS POR EL PROGRAMA DE INVERSION EN AGUA POTABLE Y SANEAMIENTO BID 1793 SOLICITADO SEGUN MEMORANDUN OFICIO USS 1793 16 2014 Y COTIZACION CMA 003 B 2014,2467.2560000000003,HNL
ocds-lcuori-5190,ocds-lcuori-5190/3-contract,5190,SOLCITADO POR DESPCHO DEL SE?OR MINISTRO ,1084.795,HNL
ocds-lcuori-5194,ocds-lcuori-5194/3-contract,5194,Utiles de oficina para la DIECP,2589.25,HNL
ocds-lcuori-5196,ocds-lcuori-5196/3-contract,5196,Toners para impresoras de la DIECP,23039.78,HNL
ocds-lcuori-5197,ocds-lcuori-5197/3-contract,5197,Utiles varios de oficina para la DIECP,6811.25,HNL
ocds-lcuori-5198,ocds-lcuori-5198/3-contract,5198,Utiles varios de oficina para la DIECP,16426.94,HNL
ocds-lcuori-5199,ocds-lcuori-5199/3-contract,5199,Toners para las impresoras DIECP,13490.56,HNL
ocds-lcuori-5204,ocds-lcuori-5204/3-contract,5204,Estos toner han sido solicitado por varias oficinas del Ministerio Publico,52581.726,HNL
ocds-lcuori-5203,ocds-lcuori-5203/3-contract,5203,Estos toner han sido solicitados por varias oficinas del Ministerio Publico,70638.658,HNL
ocds-lcuori-5205,ocds-lcuori-5205/3-contract,5205,COMPRA DE TONER CE261A COLOR CIAN 4 UNIDADES TONER CE260A COLOR BLACK 4 UNIDADES PARA IMPRESORA HP COLOR LASER JET CP 4025 CARTUCHO 940 C4906AL COLOR BLACK 2 UNIDADES CARTUCHO 940 C4907AL COLOR CIAN 2 UNIDADES CARTUCHO 940 C4908AL COLOR MAGENTA 2 UNIDADES CARTUCHO 940 C4909AL COLOR YELLOW 2 UNIDADES PARA IMPRESORA OFFICE JET PRO 8500A SOLICITADOS POR EL PROGRAMA DE INVERSION EN AGUA POTABLE Y SANEAMIENTO BID 1793 CON MEMORANDUM OFICIO USS 1793 16 2014 Y COTIZACION CMA 003 A 2014 ,42068.909,HNL
ocds-lcuori-5207,ocds-lcuori-5207/3-contract,5207,Toners para impresoras DIECP,13153.125,HNL
ocds-lcuori-5212,ocds-lcuori-5212/3-contract,5212,Estos toner han sido solicitados por varias oficinas del MP,39708.12,HNL
ocds-lcuori-5209,ocds-lcuori-5209/3-contract,5209,SOLICITADO POR EL ALMACEN DE MATERIALES PARA SER UTILIZADO EN LAS DIFEENTES SALAS Y DEPTOS DE ESTE CENTRO ASISTENCIAL DURANTE EL 1ER TRIMESTRE DEL 2014,113153.1,HNL
ocds-lcuori-5210,ocds-lcuori-5210/3-contract,5210,Papel de escritorio y utiles de oficina varios para uso de la DIECP,17848.66,HNL
ocds-lcuori-5233,ocds-lcuori-5233/3-contract,5233,sacapuntas y baterias,94.254,HNL
ocds-lcuori-5215,ocds-lcuori-5215/3-contract,5215,COMPRA DE TONER Q5950 COLOR BLACK 2 UNIDADES TONER Q5951 COLOR CIAN 1 UNIDAD TONER Q5952 COLOR YELLOW 1 UNIDAD TONER Q5953 COLOR MAGENTA 1 UNIDAD PARA IMPRESORA HP LASER JET 4700n TONER Q6470A COLOR BLACK 2 UNIDADES TONER Q7581A COLOR CIAN 1 UNIDAD TONER Q7582A YELLOW 1 UNIDAD TONER Q7583A COLOR MAGENTA 1 UNIDAD PARA IMPRESORA HP COLOR MODELO 3800n SOLICITADOS POR EL PROGRAMA BID 1793 COMO APOYO A LA DIRECCION DE PROYECTOS SEGUN MEMORANDUM OFICIO USS 1793 024 2014 Y COTIZACION CMA 005 A 2014 ,43825.672,HNL
ocds-lcuori-5216,ocds-lcuori-5216/3-contract,5216,Estos suministros de oficina han sido solicitados por el encargado de la proveeduria de medicina forense,15813.4,HNL
ocds-lcuori-5217,ocds-lcuori-5217/3-contract,5217,Estos suministros han sido solicitados por el encargado de medicina forense,,
ocds-lcuori-5218,ocds-lcuori-5218/3-contract,5218,estos suministros han sido solicitados por la proveeduria de medicina forense,16920.5,HNL
ocds-lcuori-5219,ocds-lcuori-5219/3-contract,5219,Utiles de oficina varios para la DIECP,2977.6375000000003,HNL
ocds-lcuori-5220,ocds-lcuori-5220/3-contract,5220,Utiles de oficina varios para uso DIECP,6800.525000000001,HNL
ocds-lcuori-5231,ocds-lcuori-5231/3-contract,5231,SOLICITADO POR EL ALMACEN DE MATERIALES PARA SER UTILIZADO EN LAS DIFERENTES SALAS Y DEPTOS DE ESTE CENTRO ASISTENCIUAL DURANTE EL 1ER TRIMESTRE DEL 2014,89118.26,HNL
ocds-lcuori-5232,ocds-lcuori-5232/3-contract,5232,compra de papel y suministros de papeleria ,3965.2225000000003,HNL
ocds-lcuori-5236,ocds-lcuori-5236/3-contract,5236,COMPRA DE TINTAS HP,3550.3835000000004,HNL
ocds-lcuori-5237,ocds-lcuori-5237/3-contract,5237,estos suministros han sido solicitados por la proveeduria de medicina forense,28111.0255,HNL
ocds-lcuori-5238,ocds-lcuori-5238/3-contract,5238,Estos suministros han sido solicitados por la Proveeduria de Medicina Forense,34359.424,HNL
ocds-lcuori-5241,ocds-lcuori-5241/3-contract,5241,ESTE TONER SERA UTILIZADOS EN  LA UCA,1817.9315000000001,HNL
ocds-lcuori-5242,ocds-lcuori-5242/3-contract,5242,Estos toner han sido solicitados para ser usados en la Fiscalia General,4650.255,HNL
ocds-lcuori-5243,ocds-lcuori-5243/3-contract,5243,Mateial de oficina que sera distribuido en las diferentes unidades ejecutoras de la Secretaria de Educacion ,168853.04,HNL
ocds-lcuori-5244,ocds-lcuori-5244/3-contract,5244,Material que sera distribuido en las diferentes unidades ejecutoras de la secretaria de educacion,170157.45,HNL
ocds-lcuori-5239,ocds-lcuori-5239/3-contract,5239,Estos toner deberan ser entregados en la proveeduria de medicina forense,49476.197,HNL
ocds-lcuori-5240,ocds-lcuori-5240/3-contract,5240,COMPRA DE PAPEL CARTA Y OFICIO ,2986.55,HNL
ocds-lcuori-5247,ocds-lcuori-5247/3-contract,5247,pedido solicitado por peleria,15605.5,HNL
ocds-lcuori-5248,ocds-lcuori-5248/3-contract,5248,ESTA TINTAS SERAN UTILIZADAS EN AUDITORIA ,8705.546,HNL
ocds-lcuori-5246,ocds-lcuori-5246/3-contract,5246,Este material ha sido solicitado por la fiscalia general,1782.5,HNL
ocds-lcuori-5250,ocds-lcuori-5250/3-contract,5250,PARA USO DE LAS OFICINAS DE SERVICIO CIVIL,29993.495000000003,HNL
ocds-lcuori-5251,ocds-lcuori-5251/3-contract,5251,PARA USO DE LAS OFICINAS DE SERVICIO CIVIL,4154.398,HNL
ocds-lcuori-5257,ocds-lcuori-5257/3-contract,5257,PARA SER USADOS EN LA DIRECCION DEL CENTRO LA PRADERA PARA MANTENER COMUNICACION PLANIFICACION DE ACTIVIDADES DE APRENDIZAJE DE LOS NI?OS Y NI?AS QUE ASISTEN A TALLERES,4018.974,HNL
ocds-lcuori-5258,ocds-lcuori-5258/3-contract,5258,IMPRESORA LASER SAMSUNG D101,1414.4655,HNL
ocds-lcuori-5254,ocds-lcuori-5254/3-contract,5254,PARA USO DE LAS OFICINAS DE SERVICIO CIVIL,13115.745,HNL
ocds-lcuori-5255,ocds-lcuori-5255/3-contract,5255,PARA USO DE LAS OFICINAS DE SERVICIO CIVIL,25165.879,HNL
ocds-lcuori-5256,ocds-lcuori-5256/3-contract,5256,Para el departamento de operaciones,1367.373,HNL
ocds-lcuori-5265,ocds-lcuori-5265/3-contract,5265,Materiales a ser utilizados en las diferentes unidades de la SEDUC,150612.6,HNL
ocds-lcuori-5260,ocds-lcuori-5260/3-contract,5260,PARA USO DE LAS OFICINAS DE SERVICIO CIVIL,4712.925,HNL
ocds-lcuori-5261,ocds-lcuori-5261/3-contract,5261,Material para ser distribuido a las oficinas requisicion DAL 1,17997.5,HNL
ocds-lcuori-5263,ocds-lcuori-5263/3-contract,5263,material que sera utilizado por las diferentes unidades de la Secretaria de educacion,8745.75,HNL
ocds-lcuori-5268,ocds-lcuori-5268/3-contract,5268,PARA LAS DIFERENTES DEPENDENCIAS DE ESTA INSTITUCION,1747.977,HNL
ocds-lcuori-5269,ocds-lcuori-5269/3-contract,5269,PARA LAS DIFERENTES DEPENDENCIAS DE ESTA INSTITUCION,4461.126,HNL
ocds-lcuori-5270,ocds-lcuori-5270/3-contract,5270,PARA LAS DIFERENTES DEPENDENCIAS DE ESTA INSTITUCION,3490.6525,HNL
ocds-lcuori-5274,ocds-lcuori-5274/3-contract,5274,material que sera utilizado para uso de las dependencias de la  secretaria de educacion,5548.75,HNL
ocds-lcuori-5275,ocds-lcuori-5275/3-contract,5275,PARA SER UTILIZADA EN EL DEPARTAMENTO DE PRESUPUESTO,4776.272,HNL
ocds-lcuori-5277,ocds-lcuori-5277/3-contract,5277,PARA USO Y DISTRIBUCION AL PODER JUDICIAL,103237.179,HNL
ocds-lcuori-5283,ocds-lcuori-5283/3-contract,5283,Solicitado por La Unidad Contable,471.5,HNL
ocds-lcuori-5287,ocds-lcuori-5287/3-contract,5287,Suministros utilizados por dif dependencias en la DGMM,8028.495000000001,HNL
ocds-lcuori-5285,ocds-lcuori-5285/3-contract,5285,Compra de Tintas y Toners que estan por agotarce,34033.675,HNL
ocds-lcuori-5286,ocds-lcuori-5286/3-contract,5286,Solicitado por el Departamento de Beneficios Socilaes,690.0,HNL
ocds-lcuori-5290,ocds-lcuori-5290/3-contract,5290,Estas tintas son para uso de la Direccion de Energia,1589.1390000000001,HNL
ocds-lcuori-5289,ocds-lcuori-5289/3-contract,5289,Estas tintas seran utilizadas en la direccion de energia,5393.672500000001,HNL
ocds-lcuori-5294,ocds-lcuori-5294/3-contract,5294,Tintas y toner que seran distribuias en las diferentes unidades ejecutoras de la Secretaria de Educacion,42971.452,HNL
ocds-lcuori-5295,ocds-lcuori-5295/3-contract,5295,Tintas y toner que seran distribuias en las diferentes unidades ejecutoras de la Secretaria de Educacion,20418.618,HNL
ocds-lcuori-5296,ocds-lcuori-5296/3-contract,5296,Tintas y toner que seran distribuias en las diferentes unidades ejecutoras de la Secretaria de Educacion,31467.0705,HNL
ocds-lcuori-5297,ocds-lcuori-5297/3-contract,5297,Suministros que seran utilizados pro los diferentes departamentos de la DGMM ,4808.4375,HNL
ocds-lcuori-5298,ocds-lcuori-5298/3-contract,5298,Tintas y toner que seran distribuias en las diferentes unidades ejecutoras de la Secretaria de Educacion,87589.175,HNL
ocds-lcuori-5301,ocds-lcuori-5301/3-contract,5301,compra de suministro utilizado en la Capitania de Puerto Cortes,3301.65,HNL
ocds-lcuori-5302,ocds-lcuori-5302/3-contract,5302,Estas seran utilizadas en el departamento de compras ,6167.933,HNL
ocds-lcuori-5300,ocds-lcuori-5300/3-contract,5300,Estas seran utilizadas en gerencia administrativa,2420.52,HNL
ocds-lcuori-5321,ocds-lcuori-5321/3-contract,5321,COMPRA DE MATERIAL PARA USO EN LA DIRECCION DEPARTAMENTAL DE EDUCACION DE INTIBUCA,9513.5115,HNL
ocds-lcuori-5306,ocds-lcuori-5306/3-contract,5306,Papeleria que sera distribuida y utilizada por las diferentes unidades ejecutoras de la secretaria de educacion,147723.25,HNL
ocds-lcuori-5305,ocds-lcuori-5305/3-contract,5305,COMPRA DE PAPEL PARA USO EN LA DIRECCION DEPARTAMENTAL DE EDUCACION DE INTIBUCA,9819.275,HNL
ocds-lcuori-5307,ocds-lcuori-5307/3-contract,5307,Material de oficina que sera distribuido a las diferentes unidades ejecutoras de la secretaria de educacion,89599.365,HNL
ocds-lcuori-5308,ocds-lcuori-5308/3-contract,5308,SOLICITADO POR EL ALMACEN DE MATERIALES PARA SER UTILIZADO EN LAS DIFERENTES SALAS Y DEPTOS DE ESTE CENTRO ASISTENCIAL DURANTE EL 1ER TRIMESTRE DEL 2014,89108.37,HNL
ocds-lcuori-5322,ocds-lcuori-5322/3-contract,5322,compra de materiales para las diferentes Dependencias de esta Intitucion,4242.925,HNL
ocds-lcuori-5316,ocds-lcuori-5316/3-contract,5316,SUMINISTROS DE UTILES DE OFICINA INGRESADOS A PROVEEDURIA DE LA SEFIN Y LUEGO ENTREGADOS MEDIANTE REQUISICION,88993.55,HNL
ocds-lcuori-5317,ocds-lcuori-5317/3-contract,5317,SUMINISTROS DE UTILES DE OFICINA PARA USO EN LA SECRETARIA DE FINANZAS INGRESADOS A PROVEEDURIA Y LUEGO ENTREGADOS MEDIANTE REQUISICION,29534.93,HNL
ocds-lcuori-5319,ocds-lcuori-5319/3-contract,5319,Materiales y suministros que se requieren para el desarrollo de eventos formativos programados en la institucion,44764.5,HNL
ocds-lcuori-5320,ocds-lcuori-5320/3-contract,5320,Materiales y suministros que se requieren para el desarrollo de eventos formativos programados en la institucion,66784.3525,HNL
ocds-lcuori-5311,ocds-lcuori-5311/3-contract,5311,Compras que se requieren para el desarrollo de procesos formativos programados en la institucion,55162.520000000004,HNL
ocds-lcuori-5312,ocds-lcuori-5312/3-contract,5312,COMPRA DE MATERIAL DE ESCRITORIO Y DE OFICINA PARA USO DEL PERSONAL DE LA DIRECCION DEPTAL DE INTIBUCA,9235.987500000001,HNL
ocds-lcuori-5314,ocds-lcuori-5314/3-contract,5314,Material de oficina que sera distribuido por las diferentes unidades ejecutoras de la secretaria de educacion orden de compra no 26 GA SGRMSG 2014,174171.525,HNL
ocds-lcuori-5325,ocds-lcuori-5325/3-contract,5325,COMPRA DE TONER PARA USO EN LAS UNIDAD DE ACCIONES Y ACUERDOS DE LA DIRECCION DEPARTAMENTAL DE EDUCACION DE INTIBUCA,7271.726000000001,HNL
ocds-lcuori-5326,ocds-lcuori-5326/3-contract,5326,Estas tintas seran utilizadas en esta regional,1860.8265000000001,HNL
ocds-lcuori-5327,ocds-lcuori-5327/3-contract,5327,Suministros utilizados para los departamentos de la DGMM,7026.27,HNL
ocds-lcuori-5324,ocds-lcuori-5324/3-contract,5324,Este material sera utilizado por el personal de esta regional,484.10400000000004,HNL
ocds-lcuori-5331,ocds-lcuori-5331/3-contract,5331,Este material sera utilizado en esta regional,1182.39,HNL
ocds-lcuori-5332,ocds-lcuori-5332/3-contract,5332,COMPRA DE MATERIAL DE OFICINA PARA CENTROS EDUCATIVOS DE PREBASICA DEL DEPARTAMENTO DE INTIBUCA,24299.5,HNL
ocds-lcuori-5329,ocds-lcuori-5329/3-contract,5329,COMPRA DE PAPEL PARA CENTROS EDUCATIVOS DE PREBASICA DEL DEPARTAMENTO DE INTIBUCA ,16067.11,HNL
ocds-lcuori-5336,ocds-lcuori-5336/3-contract,5336,COMPRA DE MORIA USB PARA USO EN LAS OFICINAS DE LA DIRECCION DEPARTAMENTAL DE EDUCACION DE INTIBUCA,891.25,HNL
ocds-lcuori-5339,ocds-lcuori-5339/3-contract,5339,ESTAS TINTAS SERAN UTILIZADAS EN BIODIVERSIDAD,,
ocds-lcuori-5340,ocds-lcuori-5340/3-contract,5340,ESTAS SERAN UTILIZADAS EN BIODIVERSIDAD,4392.5285,HNL
ocds-lcuori-5338,ocds-lcuori-5338/3-contract,5338,ESTAS TINTAS SERAN UTILIZADAS EN BIODIVERCIDAD,2285.395,HNL
ocds-lcuori-5346,ocds-lcuori-5346/3-contract,5346,MATERIALES DE OFICINA SOLICITADOS POR LA ALTA DEMANDA QUE SE GENERA EN LA UNIDAD DE VULNERACION DE DERECHOS,9495.5125,HNL
ocds-lcuori-5347,ocds-lcuori-5347/3-contract,5347,COMPRA DE MATERIALES DE OFICINA,42056.9,HNL
ocds-lcuori-5344,ocds-lcuori-5344/3-contract,5344,MATERIALES DE OFICINA SOLICITADOS POR LA ALTA DEMANDA QUE SE GENERA EN LA UNIDAD DE VULNERACION DE DERECHOS,27774.374,HNL
ocds-lcuori-5348,ocds-lcuori-5348/3-contract,5348,MATERIALES PARA EL PROYECTO MOSEF,8050.0,HNL
ocds-lcuori-5349,ocds-lcuori-5349/3-contract,5349,MATERIALES DE OFICINA SOLICITADOS POR EL PROYECTO MOSEF,528.9540000000001,HNL
ocds-lcuori-5350,ocds-lcuori-5350/3-contract,5350,SUMINISTROS DE UTILES DE OFICINA PARA USO EN EL PROYECTO SAMI,8700.29,HNL
ocds-lcuori-5351,ocds-lcuori-5351/3-contract,5351,SUMINISTROS DE UTILES DE OFICINA PARA USO DEL PROYECTO SAMI,6563.05,HNL
ocds-lcuori-5360,ocds-lcuori-5360/3-contract,5360,Estos toner han sido solicitados por la Fiscalia Especial de la Mujer,,
ocds-lcuori-5354,ocds-lcuori-5354/3-contract,5354,ESTAS TINTAS SERAN UTILIZADAS EL LA DIRECCION DE BIODIVERSIDAD,2852.5865000000003,HNL
ocds-lcuori-5355,ocds-lcuori-5355/3-contract,5355,PARA SER UTILIZADA EN EL DEPARTAMENTO DE RECURSOS HUMANOS,4174.5,HNL
ocds-lcuori-5353,ocds-lcuori-5353/3-contract,5353,ESTAS TINTAS SERAN UTILIZADAS EN LA DIRECCION DE BIODIVERSIDAD ,4392.5285,HNL
ocds-lcuori-5358,ocds-lcuori-5358/3-contract,5358,COMPRA DE CD Y ETIQUETAS ADHESIVAS,4916.25,HNL
ocds-lcuori-5357,ocds-lcuori-5357/3-contract,5357,PARA SER UTILIZADA EN TODAS LAS OFICINAS DEL INA,31935.5,HNL
ocds-lcuori-5359,ocds-lcuori-5359/3-contract,5359,Estos toner han sido solicitado por la Fiscalia de la Mujer,4255.8165,HNL
ocds-lcuori-5364,ocds-lcuori-5364/3-contract,5364,ESTAS TINTAS SERAN UTILIZADAS EN EL DESPACHO MINISTERIAL,11657.7685,HNL
ocds-lcuori-5365,ocds-lcuori-5365/3-contract,5365,COMPRA DE TINTAS Y TONER PARA LAS DIFERENTES DEPENDENCIAS DE ESTA INSTITUCION,2365.6075,HNL
ocds-lcuori-5362,ocds-lcuori-5362/3-contract,5362,ESTAS TINTAS SERAN UTILIZADAS EN EL DEPACHO MINISTERIAL ,24369.351000000002,HNL
ocds-lcuori-5363,ocds-lcuori-5363/3-contract,5363,ESTAS TINTAS SERAN UTILIZADAS EN EL DESPACHO MINISTERIAL ,,
ocds-lcuori-5368,ocds-lcuori-5368/3-contract,5368,ESTAS TINTAS SON PARA USO DEL ARCHIVO DE GERENCIA ,1602.249,HNL
ocds-lcuori-5372,ocds-lcuori-5372/3-contract,5372,Compra de toner para impresora del Programa Ampliando Horizontes,5054.112,HNL
ocds-lcuori-5373,ocds-lcuori-5373/3-contract,5373,COMPRA DE PRODUCTOS PARA USO DEL PAH,12829.6875,HNL
ocds-lcuori-5371,ocds-lcuori-5371/3-contract,5371,PARA SER UTILIZADO EN DEPARTAMENTO DE REGISTRO AGRARIO,9200.0,HNL
ocds-lcuori-5374,ocds-lcuori-5374/3-contract,5374,SE SOLICITA LA COMPRA DE TINTAS PARA SER DISTRIBUIDAS A DIFERENTES DEPARTAMENTOS,6318.261,HNL
ocds-lcuori-5377,ocds-lcuori-5377/3-contract,5377,compra de articulos de oficina para uso del pah,3326.1220000000003,HNL
ocds-lcuori-5380,ocds-lcuori-5380/3-contract,5380,compra de baterias para controles de aires acondicionados y mouse inalambricos,499.00800000000004,HNL
ocds-lcuori-5381,ocds-lcuori-5381/3-contract,5381,compra de flechadores adhesivos para uso del pah,593.4,HNL
ocds-lcuori-5376,ocds-lcuori-5376/3-contract,5376,SE SOLICITA LA COMPRA DE TONERS PARA SER DISTRIBUIDOS EN DIFERENTES DEPARTAMENTOS,23348.036,HNL
ocds-lcuori-5378,ocds-lcuori-5378/3-contract,5378,Compra de tintas para impresoras para uso del pah,27627.715,HNL
ocds-lcuori-5385,ocds-lcuori-5385/3-contract,5385,compra de papel lino para impresion de diplomas,2185.0,HNL
ocds-lcuori-5386,ocds-lcuori-5386/3-contract,5386,compra de sacapuntas para uso del pah,126.408,HNL
ocds-lcuori-5383,ocds-lcuori-5383/3-contract,5383,Compra de articulos de oficina para uso del pah,2184.425,HNL
ocds-lcuori-5384,ocds-lcuori-5384/3-contract,5384,COMPRA ARTICULOS DE OFICINA PARA USO DEL PAH,55.2,HNL
ocds-lcuori-5388,ocds-lcuori-5388/3-contract,5388,Suministros para ser utilizados por los diferentes departamento de la DGMM,1000.5,HNL
ocds-lcuori-5389,ocds-lcuori-5389/3-contract,5389,Suministros que seran utilizados por los diferentes Departamentos de la DGMM,4816.292,HNL
ocds-lcuori-5391,ocds-lcuori-5391/3-contract,5391,SOLICITADO PARA EL CENTRO EDUCATIVO DEL CENTRO DE INTERNAMIENTO SAGRADO CORAZON DE MARIA,126.408,HNL
ocds-lcuori-5392,ocds-lcuori-5392/3-contract,5392,SOLICITADO PARA EL CENTRO EDUCATIVO DEL CENTRO DE INTERNAMIENTO SAGRADO CORAZON DE MARIA ,1397.3,HNL
ocds-lcuori-5394,ocds-lcuori-5394/3-contract,5394,SOLICITADO PARA EL CENTRO EDUCATIVO DEL CENTRO DE INTERNAMIENTO SAGRADO CORAZON DE MARIA ,3051.9,HNL
ocds-lcuori-5396,ocds-lcuori-5396/3-contract,5396,compra de articulos para uso del pah,6289.0625,HNL
ocds-lcuori-5397,ocds-lcuori-5397/3-contract,5397,Este material sera utilizado en esta unidad,2192.82,HNL
ocds-lcuori-5398,ocds-lcuori-5398/3-contract,5398,ESTAS TINTAS SERAN UTILIZADAS EN LA DIRECCION DE UPEG,783.265,HNL
ocds-lcuori-5401,ocds-lcuori-5401/3-contract,5401,COMPRA DE TINTAS Y TONER,48013.3625,HNL
ocds-lcuori-5403,ocds-lcuori-5403/3-contract,5403,COMPRA DE TINTAS Y TONER,212374.0535,HNL
ocds-lcuori-5404,ocds-lcuori-5404/3-contract,5404,COMPRA DE TINTAS Y TONER ,8423.52,HNL
ocds-lcuori-5400,ocds-lcuori-5400/3-contract,5400,ESTAS TINTAS SERAN UTILIZADAS EN SECRETARIA GENERAL ,20216.448,HNL
ocds-lcuori-5402,ocds-lcuori-5402/3-contract,5402,Estas tintas seran utilizadas en secretaria general,17115.519,HNL
ocds-lcuori-5409,ocds-lcuori-5409/3-contract,5409,TINTAS Y TONERS PARA LA DIRECCION GENERAL DE CATASTRO Y GEOGRAFIA,67659.767,HNL
ocds-lcuori-5406,ocds-lcuori-5406/3-contract,5406,PARA SER UTILIZADA EN LA SUB DIRECCION EJECUTIVA,5704.322,HNL
ocds-lcuori-5413,ocds-lcuori-5413/3-contract,5413,SOLICITUD DEL AREA AUDITORIA INTERNA,2480.55,HNL
ocds-lcuori-5414,ocds-lcuori-5414/3-contract,5414,Estas tintas seran utilizadas el la direccion de UPEG,783.265,HNL
ocds-lcuori-5417,ocds-lcuori-5417/3-contract,5417,ESTAS TINTAS SERAN UTILIZADAS EN LA SUBGERENCIA DE RECURSOS HUMANOS,23005.152000000002,HNL
ocds-lcuori-5416,ocds-lcuori-5416/3-contract,5416,PARA SER UTILIZADO EN LA IMPRESORA ASIGNADA A LA DIRECCION DE AUDITORIA INTERNA,6738.816000000001,HNL
ocds-lcuori-5418,ocds-lcuori-5418/3-contract,5418,ESTAS TINTAS SERAN UTILIZADAS EN LA SUBGERENCIA DE RECURSOS HUMANOS,6478.6515,HNL
ocds-lcuori-5429,ocds-lcuori-5429/3-contract,5429,MATERIALES Y PRODUCTOS DE OFICINA VARIOS,163686.0,HNL
ocds-lcuori-5421,ocds-lcuori-5421/3-contract,5421,Estos materiales han sido solicitados por la Oficina Regional de Santa Rosa de Copan,46315.55,HNL
ocds-lcuori-5422,ocds-lcuori-5422/3-contract,5422,Estos materiales han sido solicitados por la Regional de Sta Rosa de Copan,7016.615000000001,HNL
ocds-lcuori-5423,ocds-lcuori-5423/3-contract,5423,COMPRA DE UTILES DE OFICINA,10839.6375,HNL
ocds-lcuori-5424,ocds-lcuori-5424/3-contract,5424,COMPRA DE UTILES DE OFICINA,4755.25,HNL
ocds-lcuori-5425,ocds-lcuori-5425/3-contract,5425,COMPRA DE UTILES DE OFICINA VARIOS,51225.7475,HNL
ocds-lcuori-5427,ocds-lcuori-5427/3-contract,5427,PARA ABASTECER EL ALMACEN ,36949.3275,HNL
ocds-lcuori-5432,ocds-lcuori-5432/3-contract,5432,Para el uso de las oficinas del RNP,38143.4,HNL
ocds-lcuori-5431,ocds-lcuori-5431/3-contract,5431,compra de toner para diferentes unidades de la departamental de educacion de colon,4364.066,HNL
ocds-lcuori-5436,ocds-lcuori-5436/3-contract,5436,ADQUISICION DE MATERIALES Y SUMINISTROS VARIOS,24773.875,HNL
ocds-lcuori-5437,ocds-lcuori-5437/3-contract,5437,SUMINISTRO DE TONER,25270.56,HNL
ocds-lcuori-5439,ocds-lcuori-5439/3-contract,5439,SUMINISTRO DE MATERIALES Y SUMINISTROS VARIOS,126168.869,HNL
ocds-lcuori-5440,ocds-lcuori-5440/3-contract,5440,Suministro de materiales de oficina varios,236926.427,HNL
ocds-lcuori-5445,ocds-lcuori-5445/3-contract,5445,COMPRA DE MATERIALES Y UTILES DE OFICINA SOLICITADOS POR EL PROGRAMA DE INVERSION EN AGUA POTABLE Y SANEAMIENTO 1793 SF HO PARA SER UTILIZADOS EN EL TALLER DE OPERACION Y MANTENIMIENTO IMPARTIDO POR EL SANAA SEGUN SOLICITUD OFICIO USS 1793 056 2014 COTIZACION CMA 024 A 2014 A SER FINANCIADOS CON FODNOS DEL PROGRAMA FUENTE EXTERNA BID ,3208.06,HNL
ocds-lcuori-5446,ocds-lcuori-5446/3-contract,5446,COMPRA DE MATERIALES Y UTILES DE OFICINA SOLICITADOS POR EL PROGRAMA DE INVERSION EN AGUA POTABLE Y SANEAMIENTO 1793 SF HO PARA SER UTILIZADOS EN EL TALLER DE OPERACION Y MANTENIMIENTO IMPARTIDO POR EL SANAA SEGUN SOLICITUD OFICIO USS 1793 056 2014 COTIZACION CMA 024 B 2014 A SER FINANCIADOS CON FODNOS DEL PROGRAMA FUENTE EXTERNA BID ,1765.25,HNL
ocds-lcuori-5442,ocds-lcuori-5442/3-contract,5442,Compra de Papel Bond para suministro de oficinas administrativas segun requerimientos de las mismas,40543.25,HNL
ocds-lcuori-5443,ocds-lcuori-5443/3-contract,5443,SUMINISTROS VARIOS,2760.0,HNL
ocds-lcuori-5449,ocds-lcuori-5449/3-contract,5449,Compra de Tintas para Uso del departameto de planillas,7440.155000000001,HNL
ocds-lcuori-5450,ocds-lcuori-5450/3-contract,5450,PARA USO DE LA UNIDAD DE PRESUPUESTO,22713.075,HNL
ocds-lcuori-5451,ocds-lcuori-5451/3-contract,5451,Compra de tintas y toner para suplir requerimientos realizados por oficinas administrativas,24610.5865,HNL
ocds-lcuori-5448,ocds-lcuori-5448/3-contract,5448,PARA USO EN LA COORDINACION DE LA DEFENSA PUBLICA,16836.966,HNL
ocds-lcuori-5456,ocds-lcuori-5456/3-contract,5456,Compra de cartuchos de tintas y toners para suplir los requerimientos realizados por varias oficinas administrativas,49987.533,HNL
ocds-lcuori-5453,ocds-lcuori-5453/3-contract,5453,Estos materiales han sido solicitados por la Regional de Cholutec,11471.25,HNL
ocds-lcuori-5454,ocds-lcuori-5454/3-contract,5454,Estos materiales han sido solicitados por la Regional de Chjoluteca,25027.91,HNL
ocds-lcuori-5467,ocds-lcuori-5467/3-contract,5467,COMPRA DE PAPEL BOND TAMA?O CARTA 100 RESMAS PAPEL TAMA?O LEGAL 44 RESMAS SOLICITADAS POR LA UNIDAD DE CONTABILIDAD SEGUN MEMORANDUM FHIS DAF 006 2014 Y COTIZACION CMA 027 A 1 2014 EL GASTO SERA CARGADO AL OBJETO 39600 PRECOMPROMISO 318 RESERVA DE FONDOS GASTO OPERATIVO DEL FHIS ,11178.0,HNL
ocds-lcuori-5466,ocds-lcuori-5466/3-contract,5466,PARA SER UTILIZADO EN LA DIVISION DE RECONVERSION EMPRESARIAL,3682.967,HNL
ocds-lcuori-5468,ocds-lcuori-5468/3-contract,5468,COMPRA DE 2 UNIDADES DE TONER CC364A PARA IMPRESORA HP LASER JET MODELO P4515X Y 2 UNIDADES DE TONER C8543X PARA IMPRESORA HP LASER JET MODELO 9050N  SOLICITADAS POR LA UNIDAD DE CONTABILIDAD SEGUN MEMORANDUM FHIS DAF 006 2014 Y COTIZACION CMA 027 B 2014 EL GASTO SERA CARGADO AL OBJETO 39600 PRECOMPROMISO 318 RESERVA DE FONDOS GASTO OPERATIVO DEL FHIS ,20782.547,HNL
ocds-lcuori-5470,ocds-lcuori-5470/3-contract,5470,COMPRA DE CARTUCHOS Y TONER A?O 2014,1183.396,HNL
ocds-lcuori-5473,ocds-lcuori-5473/3-contract,5473,PAGO DE TONER Y CARTUCHOS A?O 2014,117406.8925,HNL
ocds-lcuori-5472,ocds-lcuori-5472/3-contract,5472,COMPRA DE CD R PARA ESTA SECRETARIA DE ESTADO A?O 2014,48300.0,HNL
ocds-lcuori-5474,ocds-lcuori-5474/3-contract,5474,Compra de Cartuchos y Toner a?o 2014,33542.441,HNL
ocds-lcuori-5478,ocds-lcuori-5478/3-contract,5478,Necesidades Para Diferentes Areas por No Existencia,24878.9,HNL
ocds-lcuori-5477,ocds-lcuori-5477/3-contract,5477,para la impresora hp laserjet 6p de la unidad de servicios tecnicos,5834.341,HNL
ocds-lcuori-5479,ocds-lcuori-5479/3-contract,5479,material para ser usado en las juntas directivas y en las direc licitaciones y las oficinas de,30234.144,HNL
ocds-lcuori-5482,ocds-lcuori-5482/3-contract,5482,Material de oficina que sera distribuido en las diferentes unidades ejecutoras de la SEDDUC,60871.090000000004,HNL
ocds-lcuori-5481,ocds-lcuori-5481/3-contract,5481,A solicitud de Diversas Areas IHSS,158250.0,HNL
ocds-lcuori-5483,ocds-lcuori-5483/3-contract,5483,Material de oficina que sera distribuido en las diferentes unidades ejecutoras de la SEDDUC se corrigio orden de compra por mal calculo del ISV se sumaron exentos,27232.0,HNL
ocds-lcuori-5484,ocds-lcuori-5484/3-contract,5484,Material de oficina que sera distribuido en las diferentes unidades ejecutoras de la SEDDUC ,7388.75,HNL
ocds-lcuori-5485,ocds-lcuori-5485/3-contract,5485,Material de oficina que sera distribuido en las diferentes unidades ejecutoras de la SEDDUC,552.0,HNL
ocds-lcuori-5491,ocds-lcuori-5491/3-contract,5491,PARA SER UTILIZADAS EN LA DIRECCION EJECUTIVA,2292.2835,HNL
ocds-lcuori-5493,ocds-lcuori-5493/3-contract,5493,PARA USO DE LAS OFICINAS DE DIRECCION DE LICITACIONES,9543.1025,HNL
ocds-lcuori-5494,ocds-lcuori-5494/3-contract,5494,Compra de Utiles de Oficina para suplir requerimientos de varias oficinas administrativas de la Secretaria de Seguridad,7018.781,HNL
ocds-lcuori-5496,ocds-lcuori-5496/3-contract,5496,Compra de Utiles de Oficina para suplir requerimientos de varias oficinas administrativas de la Secretaria de Seguridad,17613.975,HNL
ocds-lcuori-5497,ocds-lcuori-5497/3-contract,5497,PARA LA DIRECCION DE PLANIFICACIONES ,1874.5,HNL
ocds-lcuori-5500,ocds-lcuori-5500/3-contract,5500,Compra de Utiles de Oficina para suplir requerimientos de varias oficinas administrativas de la Secretaria de Seguridad,,
ocds-lcuori-5505,ocds-lcuori-5505/3-contract,5505,COMPRA DE CARPETAS COLGANTES PARA ORGANIZAR ARCHIVOS TAMA?O OFICIO SOLICITADAS POR LA DIRECCION DE AUDITORIA INTERNA SEGUN MEMORANDUM DAI FHIS 017 2014 Y ASIGNACION DE COTIZACION CMA 017 A 2 2014,753.25,HNL
ocds-lcuori-5506,ocds-lcuori-5506/3-contract,5506,COMPRA DE 1 UNIDAD DE TONER C3909A COLOR NEGRO PARA IMPRESORA HP LASER JET MODELO 8000N SOLICITADAS POR LA DIRECCION DE AUDITORIA INTERNA SEGUN MEMORANDUM DAI FHIS 017 2014 Y ASIGNACION DE COTIZACION CMA 017 A 2014,6687.3995,HNL
ocds-lcuori-5507,ocds-lcuori-5507/3-contract,5507,COMPRA 6 UNIDADES DE TINTA C9362WL COLOR NEGRO Y 6 UNIDADES DE TINTA C9361WL TRICOLOR PARA IMPRESORA HP PHOTOSMART MODELO C3180 SOLICITADAS POR LA DIRECCION DE AUDITORIA INTERNA SEGUN MEMORANDUM DAI FHIS 017 2014 Y ASIGNACION DE COTIZACION CMA 017 A 1 2014,5419.398,HNL
ocds-lcuori-5502,ocds-lcuori-5502/3-contract,5502,Compra de Utiles de Oficina para suplir requerimientos de varias oficinas administrativas de la Secretaria de Seguridad,1601.375,HNL
ocds-lcuori-5503,ocds-lcuori-5503/3-contract,5503,COMPRA DE 1 UNIDAD DE TONER C3909A COLOR NEGRO PARA IMPRESORA HP LASER JET MODELO 8000N 6 UNIDADES DE TINTA C9362WL COLOR NEGRO Y 6 UNIDADES DE TINTA C9361WL TRICOLOR PARA IMPRESORA HP PHOTOSMART MODELO C3180 SOLICITADAS POR LA DIRECCION DE AUDITORIA INTERNA SEGUN MEMORANDUM DAI FHIS 017 2014 Y ASIGNACION DE COTIZACION CMA 017 A 2014,5419.398,HNL
ocds-lcuori-5511,ocds-lcuori-5511/3-contract,5511,Solicitado por la Oficina de Protocolo y Eventos Especiales,1476.8875,HNL
ocds-lcuori-5509,ocds-lcuori-5509/3-contract,5509,compra de toner para las oficinas de la direccion departamental de colon segun orden 001   2014,8378.72,HNL
ocds-lcuori-5514,ocds-lcuori-5514/3-contract,5514,para uso de la oficina de subgerencia tecnica,4656.12,HNL
ocds-lcuori-5515,ocds-lcuori-5515/3-contract,5515,PARA USO DE LAS OFICINA DE LA GERENCIA GENERAL,805.851,HNL
ocds-lcuori-5513,ocds-lcuori-5513/3-contract,5513,Solicitado por Juzgado de Letras Contencioso Administrativo,32626.65,HNL
ocds-lcuori-5517,ocds-lcuori-5517/3-contract,5517,Compra para suplir lo requerido por parte del Despacho del Se?or Ministro de Seguridad,24518.114999999998,HNL
ocds-lcuori-5519,ocds-lcuori-5519/3-contract,5519,FOLDER QUE SERA DISTRIBUIDO A LOS 10 DISTRITOS Y A LAS OFICINAS DE ESTA DEPARTAMENTAL,7516.285000000001,HNL
ocds-lcuori-5520,ocds-lcuori-5520/3-contract,5520,COMPRA DE MATERIALES Y UTILES DE OFICINA PARA EL CENTRO DE INFORMACION Y DOCUMENTACION CID CON MEMORANDUM DE SOLICITUD FHIS CID 08 2014 COTIZACION ASIGNADA CMA 023 A 2014,1906.01,HNL
ocds-lcuori-5521,ocds-lcuori-5521/3-contract,5521,Compra de utiles de escritorio,14876.4,HNL
ocds-lcuori-5522,ocds-lcuori-5522/3-contract,5522,Compra de utiles de oficina,30446.25,HNL
ocds-lcuori-5526,ocds-lcuori-5526/3-contract,5526,CARTULINA QUE SERA DISTRIBUIDA A LOS DISTINTOS CENTROS EDUCATIVOS DEL DEPARTAMENTO,1621.5,HNL
ocds-lcuori-5527,ocds-lcuori-5527/3-contract,5527,PRODUCTO QUE SERA DISTRIBUIDO A LOS DISTINTOS CENTROS EDUCATIVOS DEL DEPARTAMENTO,10872.5,HNL
ocds-lcuori-5531,ocds-lcuori-5531/3-contract,5531,PAPEL PARA LOS CENTROS EDUCATIVOS DE MEDIA DISTANCIA,18469.575,HNL
ocds-lcuori-5532,ocds-lcuori-5532/3-contract,5532,para ser utilizado en las oficinas administrativas de la subdireccion de investigacion,1528.189,HNL
ocds-lcuori-5530,ocds-lcuori-5530/3-contract,5530,ARCHIVADORES QUE SAERAN DISTRIBUIDOS A LAS DISTINTAS OFICINAS DISTRITALES DEL DEPARTAMENTO ,18378.955,HNL
ocds-lcuori-5535,ocds-lcuori-5535/3-contract,5535,compra segun requisiciones Administracion almacen general y finanzas,989.0,HNL
ocds-lcuori-5536,ocds-lcuori-5536/3-contract,5536,COMPRAS DE PAPELERIA Y UTILES DE OFICINA SOLICITADOS POR EL ALMACEN GENERAL PARA SER DISTRIBUIDO EN LAS DIFERENTES REQUISICIONES QUE ENVIARON LOS DEPARTAMENTOS Y UNIDADES,7270.185,HNL
ocds-lcuori-5533,ocds-lcuori-5533/3-contract,5533,COMPRA DE MATERIALES Y UTILES DE OFICINA PARA EL CENTRO DE INFORMACION Y DOCUMENTACION CID CON MEMORANDUM DE SOLICITUD FHIS CID 08 2014 COTIZACION ASIGNADA CMA 023 A 2 2014,1030.15,HNL
ocds-lcuori-5537,ocds-lcuori-5537/3-contract,5537,COMPRA DE PAPELERIA Y UTILES DE OFICINA SOLICITADOS POR LOS DIFERENTES DEPARTAMENTOS Y UNIDADES,2926.4625,HNL
ocds-lcuori-5538,ocds-lcuori-5538/3-contract,5538,suministro de materiales de oficina que seran entregados al depto de logistica e 4 durante el primer trimestre del a?o 2014,2713.775,HNL
ocds-lcuori-5539,ocds-lcuori-5539/3-contract,5539,suministro de materiales de oficina que seran entregados al Departameto logistico durante el primer trimestre 2014,90517.512,HNL
ocds-lcuori-5540,ocds-lcuori-5540/3-contract,5540,SUMINISTRO DE MATERIALES DE OFICINA QUE SERAN  ENTREGADOS AL DEPTO DE LOSGISTICA DURANTE EL PRIMER TRIMESTRE DEL A?O 2014,48650.7875,HNL
ocds-lcuori-5618,ocds-lcuori-5618/3-contract,5618,COMPRA DE MATERIALES Y UTILES DE OFICINA VARIOS SOLICITADOS POR EL PROYECTO DE INFRAESTRUCTURA RURAL PIR CON MEMORANDUM PIR 0078 2014 Y COTIZACION ASIGNADA CMA 033 A 1 2014 ,75957.183,HNL
ocds-lcuori-5542,ocds-lcuori-5542/3-contract,5542,Toners para impresoras varias DIECP,15456.0,HNL
ocds-lcuori-5543,ocds-lcuori-5543/3-contract,5543,Pago de Utiles de Escritorio,38543.75,HNL
ocds-lcuori-5545,ocds-lcuori-5545/3-contract,5545,Utiles de oficina varios DIECP,12628.965,HNL
ocds-lcuori-5551,ocds-lcuori-5551/3-contract,5551,PARA USO EN EL DEPARTAMENTO IMPRESION Y FOTOCOPIADO DE PLANILLA,1596.775,HNL
ocds-lcuori-5619,ocds-lcuori-5619/3-contract,5619,COMPRA DE MATERIALES Y UTILES DE OFICINA VARIOS SOLICITADOS POR EL PROYECTO DE INFRAESTRUCTURA RURAL PIR CON MEMORANDUM PIR 0078 2014 Y COTIZACION ASIGNADA CMA 033 A 2 2014 FONDOS BANCO MUNDIAL CREDITO 4099 HO CODIGO 104757 FUENTE EXTERNA ,51358.365,HNL
ocds-lcuori-5548,ocds-lcuori-5548/3-contract,5548,Utiles de oficina varios,16957.9,HNL
ocds-lcuori-5549,ocds-lcuori-5549/3-contract,5549,Baterias para uso en DIECP,186.3,HNL
ocds-lcuori-5555,ocds-lcuori-5555/3-contract,5555,Estos materiales han sido solicitados por la Administracion Regional de Choluteca,17620.5875,HNL
ocds-lcuori-5556,ocds-lcuori-5556/3-contract,5556,Solicitado por la Administracion Regional de Choluteca,948.75,HNL
ocds-lcuori-5553,ocds-lcuori-5553/3-contract,5553,MATERIAL PARA SER USADO EN LAS OFICINAS DE LA DIRECCION DE LICITACIONES,3967.5,HNL
ocds-lcuori-5554,ocds-lcuori-5554/3-contract,5554,PAPEL PARA PLOTTER,2318.4,HNL
ocds-lcuori-5560,ocds-lcuori-5560/3-contract,5560,SUMINISTRO PARA SER UTILIZADO EN LAS DIFERENTES OFICINAS Y REGIONALES DE ESTA SECRETARIA DE TRABAJO,38617.0,HNL
ocds-lcuori-5561,ocds-lcuori-5561/3-contract,5561,SUMINISTRO PARA SER UTILIZADO EN LAS DIFERENTES OFICINAS Y REGIONALES DE ESTA SECRETARIA DE TRABAJO,3237.775,HNL
ocds-lcuori-5558,ocds-lcuori-5558/3-contract,5558,SUMINISTRO PARA SER UTILIZADO EN LAS DIFERENTES OFICINAS Y REGIONALES DE ESTA SECRETARIA DE TRABAJO,79994.0,HNL
ocds-lcuori-5562,ocds-lcuori-5562/3-contract,5562,SUMINISTRO PARA SER UTILIZADO EN LAS DIFERENTES OFICINAS Y REGIONALES DE ESTA SECRETARIA DE TRABAJO,44975.375,HNL
ocds-lcuori-5567,ocds-lcuori-5567/3-contract,5567,Plan de compras mensual 2014 seccion de Proveeduria mes de Febrero,696.525,HNL
ocds-lcuori-5568,ocds-lcuori-5568/3-contract,5568,Plan de Compras mensual Seccion de Proveeduria mes de febrero 2014,3661.7725,HNL
ocds-lcuori-5570,ocds-lcuori-5570/3-contract,5570,Plan de compras Seccion de Proveeduria mes de febrero 2014 ,4536.7025,HNL
ocds-lcuori-5564,ocds-lcuori-5564/3-contract,5564,SUMINISTRO PARA SER UTILIZADO EN LAS DIFERENTES OFICINAS Y REGIONALES DE ESTA SECRETARIA DE TRABAJO,359.95,HNL
ocds-lcuori-5565,ocds-lcuori-5565/3-contract,5565,Plan de compras Seccion Proveeduria mensual a?o 2014 mes de febrero,22738.605,HNL
ocds-lcuori-5571,ocds-lcuori-5571/3-contract,5571,Plan de compras Seccion de Proveeduria mes de febrero 2014,12989.4,HNL
ocds-lcuori-5574,ocds-lcuori-5574/3-contract,5574,Solicitud de compra CUED almacen del CUED,37219.75,HNL
ocds-lcuori-5573,ocds-lcuori-5573/3-contract,5573,ESTE PAPEL SERA UTILIZADO EN LOS DIFERENTES DEPTOS DE LA OFICINA DEL SECRETARIO SEGUN EXPEDIENTE OS01 008 2014,25640.4,HNL
ocds-lcuori-5575,ocds-lcuori-5575/3-contract,5575,compra de papel al Oficial Ayudante del director de la policia nacional,1357.0,HNL
ocds-lcuori-5577,ocds-lcuori-5577/3-contract,5577,Vicerectoria del CUED copra mesual ,6095.2875,HNL
ocds-lcuori-5579,ocds-lcuori-5579/3-contract,5579,Solicitud de compra Cued vicerrectoria ,503.625,HNL
ocds-lcuori-5580,ocds-lcuori-5580/3-contract,5580,Solicitud de compra Cued,3986.1875,HNL
ocds-lcuori-5581,ocds-lcuori-5581/3-contract,5581,ESTOS UTILES DE OFICINA SERAN UTILIZADOS EN DIFERENTES DEPTOS DE LA OFICINA DEL SECRETARIO SEGUN EXPEDIENTE OS01 010 2014,5366.363,HNL
ocds-lcuori-5582,ocds-lcuori-5582/3-contract,5582,ESTOS UTILES DE OFICINA SERAN UTILIZADOS EN DIFERENTES DEPTOS DE LA OFICINA DEL SECRETARIO SEGUN EXPEDIENTE OS01 010 2014,15125.925,HNL
ocds-lcuori-5585,ocds-lcuori-5585/3-contract,5585,libreta que sera distribuido alas distintas escuelas del departamento,8700.0,HNL
ocds-lcuori-5591,ocds-lcuori-5591/3-contract,5591,Adquisicion de Suministros para la UCP,48046.200000000004,HNL
ocds-lcuori-5592,ocds-lcuori-5592/3-contract,5592,Adquisicion de Suministros para la UCP,3429.645,HNL
ocds-lcuori-5593,ocds-lcuori-5593/3-contract,5593,Adquisicion de Suministros para la UCP,32423.5,HNL
ocds-lcuori-5595,ocds-lcuori-5595/3-contract,5595,suministro de materiales de oficina que seran utilizados en la 1 cuota al Estado Mayor Conjunto,705.8240000000001,HNL
ocds-lcuori-5586,ocds-lcuori-5586/3-contract,5586,Compras Cued Compras almacen del cued plan de compras mensual,6820.8085,HNL
ocds-lcuori-5587,ocds-lcuori-5587/3-contract,5587,Solicitud de compra cued,16052.285,HNL
ocds-lcuori-5588,ocds-lcuori-5588/3-contract,5588,Este material se utilizara en la oficina de Gracias Lempira segun Orden de Compra 007 2014 ,548.26,HNL
ocds-lcuori-5589,ocds-lcuori-5589/3-contract,5589,Solicitud de compra Cued,28168.3375,HNL
ocds-lcuori-5590,ocds-lcuori-5590/3-contract,5590,Adquisicion de Suministros para la UCP,435.80400000000003,HNL
ocds-lcuori-5600,ocds-lcuori-5600/3-contract,5600,COMPRA DE RESMAS DE PAPEL PARA LOS CENTROS DE PREBASICA DEL DEPARTAMENTO DE INTIBUCA,4817.58,HNL
ocds-lcuori-5597,ocds-lcuori-5597/3-contract,5597,ESTAS RESMAS SERAN UTILIZADAS EN LOS DIFERENTES DEPTOS DE LA DGVU SEGUN EXPEDIENTE INSEP VU15 003 2014,10410.26,HNL
ocds-lcuori-5598,ocds-lcuori-5598/3-contract,5598,SUMINISTRO DE MARCADORES FLUORESCENTES Y SUJETAPAPELES PARA USO EN LA CGR,567.732,HNL
ocds-lcuori-5603,ocds-lcuori-5603/3-contract,5603,COMPRA DE CUADERNOS PARA CENTROS DE EDUCACION DE PREBASICA DEL DEPARTAMENTO DE INTIBUCA,9035.25,HNL
ocds-lcuori-5604,ocds-lcuori-5604/3-contract,5604,COMPRA DE UTILES PARA CENTROS DE EDUCATIVOS DE PREBASICA DE DEPARTAMENTO DE INTIBUCA ,2824.2000000000003,HNL
ocds-lcuori-5610,ocds-lcuori-5610/3-contract,5610,PARA DISTINTOS CENTROS EDUCATIVOS,22391.19,HNL
ocds-lcuori-5613,ocds-lcuori-5613/3-contract,5613,suministro de material de oficina que sera entregado a la Pagaduria del Estado Mayor Conjunto durante el primer trimestre del 2014,5986.51,HNL
ocds-lcuori-5614,ocds-lcuori-5614/3-contract,5614,suministro de materiales de oficina que seran entregados a la Pagaduria del Estado Mayor Conjunto durante el primer trimestre del 2014,2350.6,HNL
ocds-lcuori-5615,ocds-lcuori-5615/3-contract,5615,COMPRA DE PAPEL CARTA Y LEGAL,3159.625,HNL
ocds-lcuori-5617,ocds-lcuori-5617/3-contract,5617,COMPRA PAPEL CARBON LIBRETAS PEGAMENTO,847.1375,HNL
ocds-lcuori-5623,ocds-lcuori-5623/3-contract,5623,COMPRA DE MATERIALES Y UTILES DE OFICINA VARIOS SOLICITADOS POR EL PROYECTO DE INFRAESTRUCTURA RURAL PIR CON MEMORANDUM PIR 0078 2014 Y COTIZACION ASIGNADA CMA 033 A 1 2014 FONDOS BANCO MUNDIAL CREDITO 4099 HO CODIGO 104757 FUENTE EXTERNA,4312.5,HNL
ocds-lcuori-5625,ocds-lcuori-5625/3-contract,5625,ESTE PAPEL SERA UTILIZADO EN LOS DIFERENTES DEPTOS DE LA DIRECCION GENERAL DE OBRAS PUBLICAS SEGUN EXPEDIENTE INSEP OP03 002 2014,19729.4,HNL
ocds-lcuori-5621,ocds-lcuori-5621/3-contract,5621,COMPRA DE MATERIALES Y UTILES DE OFICINA VARIOS SOLICITADOS POR EL PROYECTO DE INFRAESTRUCTURA RURAL PIR CON MEMORANDUM PIR 0078 2014 Y COTIZACION ASIGNADA CMA 033 A 2 2014 FONDOS BANCO MUNDIAL CREDITO 4099 HO CODIGO 104757 FUENTE EXTERNA,1645.9375,HNL
ocds-lcuori-5622,ocds-lcuori-5622/3-contract,5622,PARA DISTINTOS CENTROS EDUCATIVOS DEL DEPARTAMENTO,17250.0,HNL
ocds-lcuori-5630,ocds-lcuori-5630/3-contract,5630,Compra de 30 UNIDADES DE ARCHIVADORES TIPO LEITZ solicitadas por la DIRECCION DE LEGAL con MEMORANDUN DL 085 2014 Y COTIZACION ASIGNADA CMA 035 2014 GASTO OPERATIVO FONDOS NACIONALES,997.0500000000001,HNL
ocds-lcuori-5631,ocds-lcuori-5631/3-contract,5631,Compra de utiles de oficina paa suplir requerimientos de varias oficinas administrativas de la Secretaria de Seguridad,16517.775,HNL
ocds-lcuori-5627,ocds-lcuori-5627/3-contract,5627,PRODUCTO QUE SERA DISTRIBUIDO A LOS DISTINTOS CENTROS EDUCATIVOS DEL DEPARTAMENTO,26227.5,HNL
ocds-lcuori-5628,ocds-lcuori-5628/3-contract,5628,papel solicitado por el oficial ayudante del director de la policia preventiva,5428.0,HNL
ocds-lcuori-5635,ocds-lcuori-5635/3-contract,5635,UTILES DE OFICINA,1010.62,HNL
ocds-lcuori-5636,ocds-lcuori-5636/3-contract,5636,Compra de Materiales para la Odicina de Gracias Lempira,771.7075,HNL
ocds-lcuori-5633,ocds-lcuori-5633/3-contract,5633,UTILES DE OFICINA,102699.90000000001,HNL
ocds-lcuori-5634,ocds-lcuori-5634/3-contract,5634,CALCULADORAS,959.1,HNL
ocds-lcuori-5662,ocds-lcuori-5662/3-contract,5662,pradhakjd,2277.0,HNL
ocds-lcuori-5678,ocds-lcuori-5678/3-contract,5678,PRUEBA HAYDEE,,
ocds-lcuori-5688,ocds-lcuori-5688/3-contract,5688,Compra de papel cartulina tipo tag para la impresion de RTN numerico solicitado por los contribuyentes en las oficinas de asistencia de las administraciones regionales y oficinas tributarias ,85560.0,HNL
ocds-lcuori-5690,ocds-lcuori-5690/3-contract,5690,COMPRA DE HOJAS DE CARTULINA TAG TAMA?O CARTA PARA RTN CON UN TRAMADO DE FONDO DE MARCA DE AGUA  CON LA IMPRESION DEI CON COLOR TENUE,85560.0,HNL
ocds-lcuori-5691,ocds-lcuori-5691/3-contract,5691,180 CARPETAS PARA ARCHIVAR EXPEDIENTE 5 RESMAS DE PAPEL PARA FIRMA DE TRATADO SEGUN MUESTRA,16523.1425,HNL
ocds-lcuori-5695,ocds-lcuori-5695/3-contract,5695,COMPRA PARA EL DEPARTAMENTO DE RRHH,324880.75,HNL
ocds-lcuori-5693,ocds-lcuori-5693/3-contract,5693,180 carpetas para archivar expedientes segun muestra ,12417.93,HNL
ocds-lcuori-5699,ocds-lcuori-5699/3-contract,5699,Compra de varios items de Artes Graficas para uso de las dependencias del Gabinete Sectorial de Desarrollo Economico,7348.212500000001,HNL
ocds-lcuori-5701,ocds-lcuori-5701/3-contract,5701,TRES MIL SOBRES MEMBRETADOS EN BLANCO Y NEGRO TAMA?O OFICIO PARA USO EN LA DIRECCION GENERAL DE PRESUPUESTO,2484.0,HNL
ocds-lcuori-5703,ocds-lcuori-5703/3-contract,5703,Compra de talonarios y bolsas de manila membretadas,9888.597,HNL
ocds-lcuori-5704,ocds-lcuori-5704/3-contract,5704,SUMINISTRO DE RESMAS DE PAPEL MEMBRETADO FULL COLOR Y EN BLANCO Y NEGRO PARA USO EN LA DGCP,9631.25,HNL
ocds-lcuori-5705,ocds-lcuori-5705/3-contract,5705,suministros para uso en la direccion general de bienes nacionales ,6513.6,HNL
ocds-lcuori-5719,ocds-lcuori-5719/3-contract,5719,compra de guias de docente y cuadernos de trabajo,91606.125,HNL
ocds-lcuori-5730,ocds-lcuori-5730/3-contract,5730,Orden de compra,56.92,HNL
ocds-lcuori-5745,ocds-lcuori-5745/3-contract,5745,COMPRA DE PRODUCTOS DE ARTES GRAFICAS ,285134.1625,HNL
ocds-lcuori-5752,ocds-lcuori-5752/3-contract,5752,SUMINISTRO DE PAPEL ESCRITORIO Y ARTES GRAFICAS,7102.1125,HNL
ocds-lcuori-5763,ocds-lcuori-5763/3-contract,5763,oncae,14.280000000000001,HNL
ocds-lcuori-5114,ocds-lcuori-5114/3-contract,5114,COMPRA DE AGUA PARA CONSUMO DE EMPLEADOS Y VISITAS ,15000.0,HNL
ocds-lcuori-5117,ocds-lcuori-5117/3-contract,5117,Utiles de Oficina para la Unidad Coordinadora del Programa UCP,,
ocds-lcuori-5123,ocds-lcuori-5123/3-contract,5123,PARA USO DEL DEPARTAMENTO DE NOMINAS Y PLANILLAS,1079.68,HNL
ocds-lcuori-5128,ocds-lcuori-5128/3-contract,5128,TONER PARA IMPRESORA LEXMARK E 332N,2109.408,HNL
ocds-lcuori-5131,ocds-lcuori-5131/3-contract,5131,El Cuerpo de Bomberos esta excento del ISV,2871.0,HNL
ocds-lcuori-5133,ocds-lcuori-5133/3-contract,5133,Para el departamento de OTPSCI,1297.1200000000001,HNL
ocds-lcuori-5136,ocds-lcuori-5136/3-contract,5136,Compra de suministros para los diferentes departamentos,18630.0,HNL
ocds-lcuori-5140,ocds-lcuori-5140/3-contract,5140,Compra de suministros para los diferentes departamentos de la DGMM,19662.24,HNL
ocds-lcuori-5145,ocds-lcuori-5145/3-contract,5145,PARA USO DEL CONSEJO DE LA JUDICATURA Y LA CARRERA JUDICIAL,471.5,HNL
ocds-lcuori-5147,ocds-lcuori-5147/3-contract,5147,COMPRA DE 1000 BOTES DE 5 GALONES DEL A?O 2014 SEDENA,25000.0,HNL
ocds-lcuori-5159,ocds-lcuori-5159/3-contract,5159,suministro para proveeduria de la institucion,959.1,HNL
ocds-lcuori-5166,ocds-lcuori-5166/3-contract,5166,Compra de 1900 botellones de agua purificada correspondiente al mes de Enero de 2014,47500.0,HNL
ocds-lcuori-5168,ocds-lcuori-5168/3-contract,5168,Compra de materiales para las diferentes dependencias para el control diario de los registros,2520.0,HNL
ocds-lcuori-5172,ocds-lcuori-5172/3-contract,5172,para uso de diferentes dependencias de la DGMM,5898.6720000000005,HNL
ocds-lcuori-5195,ocds-lcuori-5195/3-contract,5195,COMPRA DE TONER PARA EL DEPARTAMENTO DE CONTABILIDAD,3635.8630000000003,HNL
ocds-lcuori-5201,ocds-lcuori-5201/3-contract,5201,Toners para impresoras DIECP,2552.0685000000003,HNL
ocds-lcuori-5211,ocds-lcuori-5211/3-contract,5211,Estos toner han sido solicitados por la seccion de pagaduria del MP,10082.901,HNL
ocds-lcuori-5245,ocds-lcuori-5245/3-contract,5245,este material ha sido solicitado por la fiscalia del medio ambiente,540.96,HNL
ocds-lcuori-5252,ocds-lcuori-5252/3-contract,5252,PARA USO DE LAS OFICINAS DE SERVICIO CIVIL,13513.305,HNL
ocds-lcuori-5264,ocds-lcuori-5264/3-contract,5264,COMPRA DE PAPEL BOND PARA CONSUMO DE FUNCIONARIOS Y EMPLEADOS DEL IAIP,8671.0,HNL
ocds-lcuori-5272,ocds-lcuori-5272/3-contract,5272,PARA SER UTILIZADA EN EL DEPTO DE PROVEEDURIA GENERAL,643.563,HNL
ocds-lcuori-5276,ocds-lcuori-5276/3-contract,5276,PARA USO Y DISTRIBUCION A TODO EL PODER JUDICIAL,193453.851,HNL
ocds-lcuori-5278,ocds-lcuori-5278/3-contract,5278,PARA DISTRIBUCION AL PODER JUDICIAL,103237.179,HNL
ocds-lcuori-5281,ocds-lcuori-5281/3-contract,5281,solicitado por La Unidad de Programas Especiales,,
ocds-lcuori-5284,ocds-lcuori-5284/3-contract,5284,Solicitado por el Juzgado de Letras Unificado de Violencia Domestica,825.0,HNL
ocds-lcuori-5293,ocds-lcuori-5293/3-contract,5293,PARA USO Y DISTRIBUCION A NIVEL NACIONAL,189972.5825,HNL
ocds-lcuori-5310,ocds-lcuori-5310/3-contract,5310,COMPRA 400 CD,2900.0,HNL
ocds-lcuori-5315,ocds-lcuori-5315/3-contract,5315,1000 ETIQUETAS AUTO ADHESIVAS CD,1375.0,HNL
ocds-lcuori-5330,ocds-lcuori-5330/3-contract,5330,COMPRA DE FOLDER PARA CENTRO EDUCATIVOS EDUCACION PREBASICA DEL DEPARTAMENTO DE INTIBUCA,3543.15,HNL
ocds-lcuori-5334,ocds-lcuori-5334/3-contract,5334,COMPRA DE TONER PARA FOTOCOPIADORA DE LA DIRECCION DEPARTAMENTAL DE EDUCACION DE INTIBUCA,7366.946,HNL
ocds-lcuori-5341,ocds-lcuori-5341/3-contract,5341,ESTAS SERAN UTILIZADAS EN BIODIVERSIDAD,,
ocds-lcuori-5342,ocds-lcuori-5342/3-contract,5342,ESTAS SERAN UTILIZADAS EN BIODIVERSIDAD,2852.5865000000003,HNL
ocds-lcuori-5345,ocds-lcuori-5345/3-contract,5345,MATERIALES DE OFICINA SOLICITADOS POR LA ALTA DEMANDA QUE SE GENERA EN LA UNIDAD DE VULNERACION DE DERECHOS,534.75,HNL
ocds-lcuori-5361,ocds-lcuori-5361/3-contract,5361,dfdgefdfae,475.0,HNL
ocds-lcuori-5367,ocds-lcuori-5367/3-contract,5367,Este material sera utilizado en esta regional,78.0,HNL
ocds-lcuori-5375,ocds-lcuori-5375/3-contract,5375,Compra de papel bond carta para uso del pah,9132.84,HNL
ocds-lcuori-5379,ocds-lcuori-5379/3-contract,5379,compra de toner para impresora de uso del pah,5301.109,HNL
ocds-lcuori-5393,ocds-lcuori-5393/3-contract,5393,SOLICITADO PARA EL CENTRO EDUCATIVO DEL CENTRO DE INTERNAMIENTO SAGRADO CORAZON DE MARIA,1230.0,HNL
ocds-lcuori-5408,ocds-lcuori-5408/3-contract,5408,Segun Requisicion No 43,2480.55,HNL
ocds-lcuori-5412,ocds-lcuori-5412/3-contract,5412,A solicitud del area de AUDITORIA INTERNA ENEE,2480.55,HNL
ocds-lcuori-5420,ocds-lcuori-5420/3-contract,5420,PARA SER UTILIZADA EN AUDITORIA INTERNA,365.769,HNL
ocds-lcuori-5428,ocds-lcuori-5428/3-contract,5428,PARA ABASTECER EL ALMACEN ,16737.2955,HNL
ocds-lcuori-5433,ocds-lcuori-5433/3-contract,5433,para el uso de las oficinas del RNP,112183.0,HNL
ocds-lcuori-5435,ocds-lcuori-5435/3-contract,5435,SUMINISTROS DE 50 CD R PARA USO EN LA DIRECCION GENERAL DE INSTITUCIONES DESCENTRALIZADAS,483.0,HNL
ocds-lcuori-5441,ocds-lcuori-5441/3-contract,5441,SUMINISTRO DE SESENTA TUBOS DE PEGAMENTO EN BARRA DE CUARENTA GRAMOS PARA USO EN LA DGP,2622.0,HNL
ocds-lcuori-5444,ocds-lcuori-5444/3-contract,5444,SUMINISTROS VARIOS,25270.56,HNL
ocds-lcuori-5455,ocds-lcuori-5455/3-contract,5455,Estoas materiales han sido solicitados por la regional de choluteca,20816.794,HNL
ocds-lcuori-5475,ocds-lcuori-5475/3-contract,5475,para la  impresion de planillas reporte de tiempo hojas de marcacion,16847.04,HNL
ocds-lcuori-5486,ocds-lcuori-5486/3-contract,5486,PARA USO DE LA DIRECCION DE AUDITORIA INTERNA,3369.4080000000004,HNL
ocds-lcuori-5487,ocds-lcuori-5487/3-contract,5487,PARA USO DE TODO EL PERSONAL DE PLANIFICACIONES,287.5,HNL
ocds-lcuori-5489,ocds-lcuori-5489/3-contract,5489,PARA SER UTILIZADA EN DEPTO DE PRESUPUESTO,705.8240000000001,HNL
ocds-lcuori-5495,ocds-lcuori-5495/3-contract,5495,PARA USO DE LA IMPRESORA DEL PLANIFICADOR DE DESEMBOLSO,1625.709,HNL
ocds-lcuori-5499,ocds-lcuori-5499/3-contract,5499,PARA SER UTILIZADA EN EL DEPTO DE PROVEEDURIA,697.544,HNL
ocds-lcuori-5504,ocds-lcuori-5504/3-contract,5504,PARA INFORMES REINTEGRABLES E INFORMES SIAFI,1684.7040000000002,HNL
ocds-lcuori-5510,ocds-lcuori-5510/3-contract,5510,Compra de toner para oficinas de la direccion departamental de colon,3794.84,HNL
ocds-lcuori-5512,ocds-lcuori-5512/3-contract,5512,Solicitado para la Direccion de Pagaduria,690.0,HNL
ocds-lcuori-5528,ocds-lcuori-5528/3-contract,5528,PRODUCTO QUE SERA DISTRIBUIDO A LOS DISTINTOS CENTROS EDUCATIVOS DEL DEPARTAMENTO,11873.75,HNL
ocds-lcuori-5534,ocds-lcuori-5534/3-contract,5534,PARA USO DE LAS OFICINAS DE SERVICIO CIVIL,14419.5625,HNL
ocds-lcuori-5546,ocds-lcuori-5546/3-contract,5546,Utiles de oficina DIECP,724.5,HNL
ocds-lcuori-5550,ocds-lcuori-5550/3-contract,5550,Utiles de escritorio,1950.0,HNL
ocds-lcuori-5559,ocds-lcuori-5559/3-contract,5559,25 RESMAS DE PAPEL CARTA PARA USO DE VARIAS OFICINAS,1789.6875,HNL
ocds-lcuori-5566,ocds-lcuori-5566/3-contract,5566,PARA SER UTILIZADAS EN EL DEPTO DE PRESUPUESTO,1380.0,HNL
ocds-lcuori-5584,ocds-lcuori-5584/3-contract,5584,papel que sera dstribuido a las distintas escuelas del departamento,7130.0,HNL
ocds-lcuori-5599,ocds-lcuori-5599/3-contract,5599,SUMINISTRO DE 60 RESMAS DE PAPEL BOND TAMA?O LEGAL Y 100 RESMAS DE PAPEL BOND TAMA?O CARTA PARA USO EN LA UNIDAD ADMINISTRADORA DE PROYECTOS,12868.5,HNL
ocds-lcuori-5605,ocds-lcuori-5605/3-contract,5605,papel que sera distribuido a los distintos centros educativos del depto,1552.5,HNL
ocds-lcuori-5608,ocds-lcuori-5608/3-contract,5608,PARA DISTINTOS CENTROS EDUCATIVOS,9982.0,HNL
ocds-lcuori-5642,ocds-lcuori-5642/3-contract,5642,ONCAE,361.1,HNL
ocds-lcuori-5656,ocds-lcuori-5656/3-contract,5656,unidad de compra,1508.8,HNL
ocds-lcuori-5663,ocds-lcuori-5663/3-contract,5663,INTERNET,361.1,HNL
ocds-lcuori-5665,ocds-lcuori-5665/3-contract,5665,123,4.726500000000001,HNL
ocds-lcuori-5667,ocds-lcuori-5667/3-contract,5667,papel membretado para la institucion ,,
ocds-lcuori-5669,ocds-lcuori-5669/3-contract,5669,COMPRA DE SOBRESDE MANILA,,
ocds-lcuori-5671,ocds-lcuori-5671/3-contract,5671,oncae,,
ocds-lcuori-5676,ocds-lcuori-5676/3-contract,5676,123,,
ocds-lcuori-5677,ocds-lcuori-5677/3-contract,5677,PRUEBA HAYDEE,,
ocds-lcuori-5683,ocds-lcuori-5683/3-contract,5683,a,68.9885,HNL
ocds-lcuori-5692,ocds-lcuori-5692/3-contract,5692,5 resmas de papel para firma de tratado segun muestra,4105.212500000001,HNL
ocds-lcuori-5697,ocds-lcuori-5697/3-contract,5697,hayadee,,
ocds-lcuori-5744,ocds-lcuori-5744/3-contract,5744,Compra de sobres blancos membretados,2932.5,HNL
ocds-lcuori-5121,ocds-lcuori-5121/3-contract,5121,Compra de Suministros para los departamentos de Gente de Mar Cecamarh Asesoria Legal Secretaria General Almacen,,
ocds-lcuori-5164,ocds-lcuori-5164/3-contract,5164,Compra de 2000 botellones de agua purificada para ser distribuidos en las oficinas y edificios de HONDUTEL en tegucigalpa y comayaguela correspondiente al mes de enero de 2014,,
ocds-lcuori-5273,ocds-lcuori-5273/3-contract,5273,PARA SER UTILIZADA POR EL DEPTO DE PROVEEDURIA GENERAL,,
ocds-lcuori-5438,ocds-lcuori-5438/3-contract,5438,SUMINISTRO DE TONER,,
ocds-lcuori-5541,ocds-lcuori-5541/3-contract,5541,SUMINISTRO DE MATERIALES DE OFICINA PARA SER ENTREGADOS AL DEPTO DE LOGISTICA E 4 DURANTE EL PRIMER TRIMESTRE 2014,24438.512000000002,HNL
ocds-lcuori-5601,ocds-lcuori-5601/3-contract,5601,Compra de papel bond base 20 tama?o carta y oficio para ser distribuidos en los diferentes centros educativos oficiales del nivel de basica y media presencial,83314.05,HNL
ocds-lcuori-5606,ocds-lcuori-5606/3-contract,5606,PAPEL PARA DISTINTOS CENTROS,3565.0,HNL
ocds-lcuori-5119,ocds-lcuori-5119/3-contract,5119,Utiles de Oficina para la UCP,362.88,HNL
ocds-lcuori-5125,ocds-lcuori-5125/3-contract,5125,SOLICITADO POR EL DEPARTAMENTO DE NOMINAS Y PLANILLAS,313.3872,HNL
ocds-lcuori-5129,ocds-lcuori-5129/3-contract,5129,Centro Integrado de Servicios Judiciales Multiples,240.8,HNL
ocds-lcuori-5137,ocds-lcuori-5137/3-contract,5137,Compra de Papel tama?o carta,14260.0,HNL
ocds-lcuori-5141,ocds-lcuori-5141/3-contract,5141,COMPRA DE MATERIAL DE OFICINA ,610.1,HNL
ocds-lcuori-5146,ocds-lcuori-5146/3-contract,5146,PARA USO EN EL CONSEJO DE LA JUDICATURA Y LA CARRERA JUDICIAL,2035.5,HNL
ocds-lcuori-5148,ocds-lcuori-5148/3-contract,5148,SOLICITADA POR DEPARTAMENTO DE PROVEEDURIA,833.8190000000001,HNL
ocds-lcuori-5154,ocds-lcuori-5154/3-contract,5154,Solicitado por La Direccion Administrativa del Centro Integrado de Servicios Judiciales Multiples,247.25,HNL
ocds-lcuori-5158,ocds-lcuori-5158/3-contract,5158,PAra Impresion de Diplomas ,414.0,HNL
ocds-lcuori-5165,ocds-lcuori-5165/3-contract,5165,Compra de 2000 botellones de agua purificada para ser distribuidos en las oficinas y edificios de HONDUTEL en tegucigalpa y comayaguela correspondiente al mes de enero de 2014,,
ocds-lcuori-5169,ocds-lcuori-5169/3-contract,5169,compra de suministros para las diferentes dependencias,1620.0,HNL
ocds-lcuori-5173,ocds-lcuori-5173/3-contract,5173,Para las diferentes dependencias de la DGMM,5704.0,HNL
ocds-lcuori-5177,ocds-lcuori-5177/3-contract,5177,Solicitado por el Centro Integrado de Servicios Judiciales Multiples,356.5,HNL
ocds-lcuori-5178,ocds-lcuori-5178/3-contract,5178,10 cajas folder tama?o carta y 6 cajas folder tama?o oficio para archivo de documentos en los diferentes departamentos y unidades de la institucion,1539.8500000000001,HNL
ocds-lcuori-5183,ocds-lcuori-5183/3-contract,5183,Compra para abastecer los departamentos y unidades de la Institucion de acuerdo a requisiciones varias,1243.4375,HNL
ocds-lcuori-5184,ocds-lcuori-5184/3-contract,5184,A ser Utilizada en Departamento Legal,3204.498,HNL
ocds-lcuori-5189,ocds-lcuori-5189/3-contract,5189,Compra de toner CE260 261 263 ,14963.075499999999,HNL
ocds-lcuori-5200,ocds-lcuori-5200/3-contract,5200,Toners para impresoras DIECP,4438.38,HNL
ocds-lcuori-5202,ocds-lcuori-5202/3-contract,5202,Sumadoras para ser utilizadas por la seccion de Proveeduria y Servicios Generales como herramienta para la elaboracion de ordenes de compra,1380.0,HNL
ocds-lcuori-5206,ocds-lcuori-5206/3-contract,5206,Estos toner  han sido solicitados por varias oficinas del Ministerio Publico,60957.3945,HNL
ocds-lcuori-5208,ocds-lcuori-5208/3-contract,5208,Toners impresoras DIECP,26495.747,HNL
ocds-lcuori-5213,ocds-lcuori-5213/3-contract,5213,Estos toner han sido solicitados por varias oficinas del MP,9881.099,HNL
ocds-lcuori-5214,ocds-lcuori-5214/3-contract,5214,Estos suministros deberan han sido solicitado por el encargado de la Proveeduria Central del MP,13110.0,HNL
ocds-lcuori-5235,ocds-lcuori-5235/3-contract,5235,compra de tintas HP Y CANON,7202.289000000001,HNL
ocds-lcuori-5249,ocds-lcuori-5249/3-contract,5249,para ser utilizada en informatica,8462.68,HNL
ocds-lcuori-5253,ocds-lcuori-5253/3-contract,5253,PARA USO DE LAS OFICINAS DE SERVICIO CIVIL,1780.2,HNL
ocds-lcuori-5259,ocds-lcuori-5259/3-contract,5259,PARA USO DE LAS OFICINAS DE SERVICIO CIVIL,2179.02,HNL
ocds-lcuori-5262,ocds-lcuori-5262/3-contract,5262,Para ser distribuido a los diferentes departamentos de la Institucion,2496.9375,HNL
ocds-lcuori-5266,ocds-lcuori-5266/3-contract,5266,Estas sumadoras han sido solciitadas por el departamento de personal y seccion de pagaduria,16761.25,HNL
ocds-lcuori-5267,ocds-lcuori-5267/3-contract,5267,Este material ha sido solicitado por el encargado de la proveeduria de medicina forense,4717.3,HNL
ocds-lcuori-5271,ocds-lcuori-5271/3-contract,5271,PARA LAS DIFERENTES DEPENDENCIAS DE ESTA INSTITUCION,705.8240000000001,HNL
ocds-lcuori-5279,ocds-lcuori-5279/3-contract,5279,solicitado por La Unidad de Programas Especiales,1380.0,HNL
ocds-lcuori-5280,ocds-lcuori-5280/3-contract,5280,solicitado por La Unidad deProgramas Especiales,,
ocds-lcuori-5282,ocds-lcuori-5282/3-contract,5282,Solicitado por el Juzgado de Letras Primero Departamental de Choluteca,1063.75,HNL
ocds-lcuori-5288,ocds-lcuori-5288/3-contract,5288,Compra de suministros para ser utilizados la seccion de  Contabilidad,8557.7595,HNL
ocds-lcuori-5291,ocds-lcuori-5291/3-contract,5291,PARA USO EN EL DEPARTAMENTO DE CONTABILIDAD,643.563,HNL
ocds-lcuori-5292,ocds-lcuori-5292/3-contract,5292,PARA USO EN LA SUBDIRECCION DE LA CARRERA JUDICIAL,6356.5560000000005,HNL
ocds-lcuori-5299,ocds-lcuori-5299/3-contract,5299,TONER PARA FOTOCOPIADORA SHARP TINTA NEGRA CANON PG,2796.3630000000003,HNL
ocds-lcuori-5303,ocds-lcuori-5303/3-contract,5303,Papel que sera distribuido en las diferentes unidades ejecutoras de la Secretaria de Educacion,71300.0,HNL
ocds-lcuori-5304,ocds-lcuori-5304/3-contract,5304,Papel que sera distribuido en las diferentes unidades ejecutoras de la Secretaria de Educacion,177951.0,HNL
ocds-lcuori-5309,ocds-lcuori-5309/3-contract,5309,compra dvd,3516.0,HNL
ocds-lcuori-5313,ocds-lcuori-5313/3-contract,5313,COMPRA DE MATERIAL DE ESCRITORIO Y DE OFICINA PARA USO DEL PERSONAL DE LA DIRECCION DEPTAL DE INTIBUCA,,
ocds-lcuori-5318,ocds-lcuori-5318/3-contract,5318,Materiales que se requieren para desarrollar eventos formativos programados en la institucion,2654.568,HNL
ocds-lcuori-5323,ocds-lcuori-5323/3-contract,5323,COMPRA DE TONER HP 35A PARA USO EN LAS UNIDADES DE LA DIRECCION DEPARTAMENTAL DE EDUCACION DE INTIBUCA,20416.548,HNL
ocds-lcuori-5328,ocds-lcuori-5328/3-contract,5328,Este material sera utilizado en esta regional,176.4,HNL
ocds-lcuori-5333,ocds-lcuori-5333/3-contract,5333,COMPRA DE PAPEL PARA CENTRO DE EDUCACION BASICA DE 1 A 6 GRADO,4705.8,HNL
ocds-lcuori-5335,ocds-lcuori-5335/3-contract,5335,COMPRA DE TONER PARA DIRECCION Y SECRETARIA DE LA DIRECCION DEPARTAMENTAL DE EDUCACION DE INTIBUCA,4364.066,HNL
ocds-lcuori-5337,ocds-lcuori-5337/3-contract,5337,Estas seran utilizadas en el departamento de compras ,2552.0685000000003,HNL
ocds-lcuori-5343,ocds-lcuori-5343/3-contract,5343,ESTAS SERAN UTILIZADAS EN RECURSOS HUMANOS PARA LA IMPRESION DE LOS CONTRATOS Y OTROS DOCUMENTOS ,11410.346,HNL
ocds-lcuori-5352,ocds-lcuori-5352/3-contract,5352,Estas tintas seran utilizadas en la Direccion de Biodiversidad,2285.395,HNL
ocds-lcuori-5356,ocds-lcuori-5356/3-contract,5356,COMPRA DE 300 DVD,4043.4,HNL
ocds-lcuori-5366,ocds-lcuori-5366/3-contract,5366,COMPRADO PARA LAS DIFERENTES DEPENDENCIAS DE ESTA INSTITUCION,1379.9885000000002,HNL
ocds-lcuori-5369,ocds-lcuori-5369/3-contract,5369,ESTAS TINTAS SERAN UTILIZADAS EN EL ARCHIVO DE GERENCIA,4441.7255000000005,HNL
ocds-lcuori-5370,ocds-lcuori-5370/3-contract,5370,ESTAS TINTAS SERAN UTILIZADAS EN EL ARCHIVO DE GERENCIA,2941.01,HNL
ocds-lcuori-5382,ocds-lcuori-5382/3-contract,5382,Este material ha sido solicitado por la Fiscalia de Delitos Comunes,3335.0,HNL
ocds-lcuori-5387,ocds-lcuori-5387/3-contract,5387,para identificacion de personal,596.5625,HNL
ocds-lcuori-5390,ocds-lcuori-5390/3-contract,5390,Suministros para ser utilizados pro los departamentos de Gente de Mar y Administracion,7662.726000000001,HNL
ocds-lcuori-5395,ocds-lcuori-5395/3-contract,5395,Este material sera utilizado en esta unidad,772.8000000000001,HNL
ocds-lcuori-5399,ocds-lcuori-5399/3-contract,5399,ESTAS TINTAS SERAN UTILIZADAS EN LA DIRECCION DE UPEG,,
ocds-lcuori-5405,ocds-lcuori-5405/3-contract,5405,PARA SER UTILIZADA EN LA DIRECCION EJECUTIVA,6070.022,HNL
ocds-lcuori-5407,ocds-lcuori-5407/3-contract,5407,PARA SER UTILIZADA EN AUDITORIA INTERNA,4151.523,HNL
ocds-lcuori-5411,ocds-lcuori-5411/3-contract,5411,TONERS,36547.9545,HNL
ocds-lcuori-5415,ocds-lcuori-5415/3-contract,5415,AREA DE AUDITIORIA INTERNA,2480.55,HNL
ocds-lcuori-5419,ocds-lcuori-5419/3-contract,5419,PARA USO DEL DEPARTAMENTO DE PLANILLAS IMPRESION DOCUMENTOS PROCESOS DE PAGOS,12402.75,HNL
ocds-lcuori-5426,ocds-lcuori-5426/3-contract,5426,COMPRA DE UTILES DE OFICINA,126.408,HNL
ocds-lcuori-5430,ocds-lcuori-5430/3-contract,5430,compra de toner para diferentes unidades de la direccion departamental de colon,9237.8695,HNL
ocds-lcuori-5434,ocds-lcuori-5434/3-contract,5434,SUMINISTROS DE 100 DVD MCA MAXELL PARA USO EN LA DIRECCION DE INSTITUCIONES DESCENTRALIZADAS,1347.8,HNL
ocds-lcuori-5447,ocds-lcuori-5447/3-contract,5447,5 PARA USO EN EL JUZGADO DE LETRAS PRIMERO DEPARTAMENTAL DE CHOLUTECA Y 2 PARA LA DEFENSA PUBLICA DE CHOLUTECA,23101.0045,HNL
ocds-lcuori-5452,ocds-lcuori-5452/3-contract,5452,Este material ha sido solicitado por la Administracion Regional de Choluteca,9223.0,HNL
ocds-lcuori-5457,ocds-lcuori-5457/3-contract,5457,Compra de cartuchos de tintas y toners para suplir los requerimientos realizados por las oficinas administrativas de la Secretaria de Seguridad,3727.472,HNL
ocds-lcuori-5469,ocds-lcuori-5469/3-contract,5469,Pago de baterias triple AAA y doble AA,3881.25,HNL
ocds-lcuori-5471,ocds-lcuori-5471/3-contract,5471,PARA SER UTILIZADAS EN EL DEPARTAMENTO DE CATASTRO AGRARIO,3693.2365,HNL
ocds-lcuori-5476,ocds-lcuori-5476/3-contract,5476,solicitud 2014feb27 de acuerdo a Coordinacion y Programacion de Insumos,155500.0,HNL
ocds-lcuori-5480,ocds-lcuori-5480/3-contract,5480,Solicitud de diferentes Areas,48000.0,HNL
ocds-lcuori-5488,ocds-lcuori-5488/3-contract,5488,PARA SER UTILIZADO EN LA UNIDAD DE ESTUDIOS AMBIENTALES,722.522,HNL
ocds-lcuori-5490,ocds-lcuori-5490/3-contract,5490,PARA SER UTILIZADA EN EL DEPTO DE PRESUPUESTO,886.9720000000001,HNL
ocds-lcuori-5492,ocds-lcuori-5492/3-contract,5492,PARA USO DE LA OFICINA DE DIRECCION DE LICITACIONES Y JUNTA DIRECTIVA PARA SESIONES DE JUNTA DIRECTIVA,132.82500000000002,HNL
ocds-lcuori-5498,ocds-lcuori-5498/3-contract,5498,PARA SER UTILIZADO EN LA DIRECCION DE PLANIFICACION,1672.905,HNL
ocds-lcuori-5501,ocds-lcuori-5501/3-contract,5501,PARA USO DE LA DIRECCION DE PLANIFICACION,1342.096,HNL
ocds-lcuori-5508,ocds-lcuori-5508/3-contract,5508,Solicitud de la Gerencia de IVM segun memo 337 2014 GRIVM y memo 033 2014 SCPP IHSS del 4 de febrero del presente mes firmado por el Lic wilfredo Barahona y Abg Victor Manuel Martinez,13054.16,HNL
ocds-lcuori-5516,ocds-lcuori-5516/3-contract,5516,Requerimiento realizado a traves del Oficio CC911 Oficio 015 2014 para la Oficina del Call Center del 911,432.0,HNL
ocds-lcuori-5518,ocds-lcuori-5518/3-contract,5518,Requerimiento realizado para suplir lo solicitado por el Call Center del 911 a traves del Oficio CC911 Oficio 015 2014,1740.0,HNL
ocds-lcuori-5523,ocds-lcuori-5523/3-contract,5523,BORRADORES QUE SERAN DISTRIBUIDOS A LOS DISTINTOS CENTROS EDUCATIVOS DEL DEPARTAMENTO,15000.0,HNL
ocds-lcuori-5525,ocds-lcuori-5525/3-contract,5525,BOLSA MANILA PARA SER UTILIZADO A LOS SIGUIENTES OFICINAS DISTRITALES DEL DEPARTAMENTO,13456.495,HNL
ocds-lcuori-5529,ocds-lcuori-5529/3-contract,5529,PAPEL QUE SERA DISTRIBUIDO A LOS DISTINTOS CENTROS EDUCATIVOS DEL DEPARTAMENTO,19601.75,HNL
ocds-lcuori-5544,ocds-lcuori-5544/3-contract,5544,Toners impresoras Direccion DIECP,3598.8675000000003,HNL
ocds-lcuori-5547,ocds-lcuori-5547/3-contract,5547,Pago de papel de escritorio,8475.5,HNL
ocds-lcuori-5552,ocds-lcuori-5552/3-contract,5552,MATERIALES PARA SER USADOS EN LAS OFICINAS DE LA DIRECCION DE LICITACIONES,326.71500000000003,HNL
ocds-lcuori-5557,ocds-lcuori-5557/3-contract,5557,efweqfwqerweqrweqf wqefwqefwqef,19285.5,HNL
ocds-lcuori-5563,ocds-lcuori-5563/3-contract,5563,SUMINISTRO PARA SER UTILIZADO EN LAS DIFERENTES OFICINAS Y REGIONALES DE ESTA SECRETARIA DE TRABAJO,1336.875,HNL
ocds-lcuori-5569,ocds-lcuori-5569/3-contract,5569,Plan de compras mensual Seccion de Proveeduria mes de Febrero 2014,1859.0,HNL
ocds-lcuori-5572,ocds-lcuori-5572/3-contract,5572,Plan de compras mes de febrero 2014 Seccion de Proveeduria,14002.1125,HNL
ocds-lcuori-5576,ocds-lcuori-5576/3-contract,5576,Vicerectoria Cued Compras almacen del Cued,276.0,HNL
ocds-lcuori-5578,ocds-lcuori-5578/3-contract,5578,suministros de 300 resmas de papel bond para uso en varias direcciones de la secretaria de finanzas,21476.25,HNL
ocds-lcuori-5583,ocds-lcuori-5583/3-contract,5583,ESTOS UTILES DE OFICINA SERAN UTILIZADOS EN DIFERENTES DEPTOS DE LA OFICINA DEL SECRETARIO SEGUN EXPEDIENTE OS01 010 2014,2173.5,HNL
ocds-lcuori-5594,ocds-lcuori-5594/3-contract,5594,Solicitado por el Juzgado de Paz de Talanga Francisco Morazan,471.5,HNL
ocds-lcuori-5596,ocds-lcuori-5596/3-contract,5596,SUMINISTRO DE VEINTE Y CUATRO MARCADORES FLUORESCENTES PUNTA FINA COLOR AMARILLO Y VERDE PARA USO EN LA CGR,281.52,HNL
ocds-lcuori-5602,ocds-lcuori-5602/3-contract,5602,Compra de papel bond base 20 tama?o carta y oficio para ser distribuidos en los diferentes centros educativos oficiales del nivel de basica y media presencial,,
ocds-lcuori-5607,ocds-lcuori-5607/3-contract,5607,COMPRA DE PAPAEL PARA CENTROS EDUCATIVOS DE EDUCACION BASICA DE 1 A 6 GRADO DEL DEPARTANETO DE INTIBUCA,2842.57,HNL
ocds-lcuori-5609,ocds-lcuori-5609/3-contract,5609,PARA DISTINTOS CENTROS EDUCATIVOS,15000.0,HNL
ocds-lcuori-5611,ocds-lcuori-5611/3-contract,5611,COMPRA DE UTILES PARA CENTROS EDUCATIVOS DE BASICA DE 1 A 6 GRADO DEL DEPARTAMENTO DE INTIBUCA,16100.0,HNL
ocds-lcuori-5612,ocds-lcuori-5612/3-contract,5612,COMPRA DE UTLIES PARA USO EN LO CENTROS EDUCATIVOS DE BASICA DE 1 A 6 DEL DEPARTAMENTO DE INTIBUCA,17013.1,HNL
ocds-lcuori-5616,ocds-lcuori-5616/3-contract,5616,COMPRA DE BATERIAS,62.1,HNL
ocds-lcuori-5620,ocds-lcuori-5620/3-contract,5620,para distintos centros educativos del departamento,3565.0,HNL
ocds-lcuori-5624,ocds-lcuori-5624/3-contract,5624,ESTE PAPEL SERA UTILIZADO EN LOS DIFERENTES DEPTOS DE LA DIRECCION GENERAL DE TRANSPORTE SEGUN EXPEDIENTE INSEP TR 03 2014,46062.1,HNL
ocds-lcuori-5626,ocds-lcuori-5626/3-contract,5626,PARA SER DISTRIBUIDO A LOS DISTINTOS CENTROS EDUCATIVOS DEL DEPARTAMENTO,1011.264,HNL
ocds-lcuori-5629,ocds-lcuori-5629/3-contract,5629,compra de papel bond tama?o carta 10 resmas y papel bond tama?o legal 2 resmas solicitadas por la DIRECCION DE RECURSOS HUMANOS con MEMORANDUN DRH 0227 2014 Y COTIZACION ASIGNADA CMA 042 B 2014 GASTO OPERATIVO FONDOS NACIONALES,897.0,HNL
ocds-lcuori-5632,ocds-lcuori-5632/3-contract,5632,Estos materiales han sido solicitados para ser utilizados por la Unidad de Delitos contra la Vida,1582.0,HNL
ocds-lcuori-5655,ocds-lcuori-5655/3-contract,5655,unidad de defensa,530610.0,HNL
ocds-lcuori-5657,ocds-lcuori-5657/3-contract,5657,unidad de compra,361.1,HNL
ocds-lcuori-5664,ocds-lcuori-5664/3-contract,5664,Prueba ONCAE,670.0,HNL
ocds-lcuori-5668,ocds-lcuori-5668/3-contract,5668,AAAAAA,,
ocds-lcuori-5675,ocds-lcuori-5675/3-contract,5675,compra para impresiones de la secretaria de coordinacion,,
ocds-lcuori-5687,ocds-lcuori-5687/3-contract,5687,PRUEBA,64976.15,HNL
ocds-lcuori-5694,ocds-lcuori-5694/3-contract,5694,180 CARPETAS PARA ARCHIVAR EXPEDIENTE,12417.93,HNL
ocds-lcuori-5696,ocds-lcuori-5696/3-contract,5696,bolsa de manila para RRHH,23.6325,HNL
ocds-lcuori-5700,ocds-lcuori-5700/3-contract,5700,COMPRA DE 20 RESMAS DE 500 HOJAS CADA UNA DE PAPEL SEGURIDAD TAMA?O CARTA FULL COLOR,15007.960000000001,HNL
ocds-lcuori-5702,ocds-lcuori-5702/3-contract,5702,Producto para el Departamento de Administracion,4778.25,HNL
ocds-lcuori-5731,ocds-lcuori-5731/3-contract,5731,Prueba Generacion,14.23,HNL
ocds-lcuori-5785,ocds-lcuori-5785/3-contract,5785,compra de papel membretado para la oficina de transparencia,13368.0945,HNL
