ocid,id,awards/0/id,awards/0/documents/0/id,awards/0/documents/0/description,awards/0/documents/0/documentType,awards/0/documents/0/title,awards/0/documents/0/format,awards/0/documents/0/datePublished,awards/0/documents/0/url
ocds-lcuori-yRlaDr-LP-001-2020-RSDCH-2,ocds-lcuori-yRlaDr-LP-001-2020-RSDCH-2/2,yRlaDr-LP-001-2020-RSDCH-2,146602,Resolucion de la Adjudicacion,awardNotice,Resolucion de la Adjudicacion,image/jpeg,2020-03-30T13:51:10.550000-06:00,http://h1.honducompras.gob.hn/Docs/Lic76LP-001-2020-RSDCH802-ResoluciondelaAdjudicacion.jpg
ocds-lcuori-yRlaDr-LP-002-2020-RDSCH-2,ocds-lcuori-yRlaDr-LP-002-2020-RDSCH-2/2,yRlaDr-LP-002-2020-RDSCH-2,146604,Resolucion de la Adjudicacion,awardNotice,Resolucion de la Adjudicacion,image/jpeg,2020-03-30T14:00:19.490000-06:00,http://h1.honducompras.gob.hn/Docs/Lic76LP-002-2020-RDSCH802-ResoluciondelaAdjudicacion.jpg
ocds-lcuori-jRDkQG-CM-008-2020-HNMCR-2,ocds-lcuori-jRDkQG-CM-008-2020-HNMCR-2/4,jRDkQG-CM-008-2020-HNMCR-2,145968,Resolucion de la Adjudicacion,awardNotice,Resolucion de la Adjudicacion,application/pdf,2020-03-05T10:11:51.030000-06:00,http://h1.honducompras.gob.hn/Docs/Lic104CM-008-2020-HNMCR803-ResoluciondelaAdjudicacion.pdf
ocds-lcuori-jRDkQG-CM-009-2020-HNMCR-2,ocds-lcuori-jRDkQG-CM-009-2020-HNMCR-2/4,jRDkQG-CM-009-2020-HNMCR-2,146004,Resolucion de la Adjudicacion,awardNotice,Resolucion de la Adjudicacion,application/pdf,2020-03-05T14:01:15.150000-06:00,http://h1.honducompras.gob.hn/Docs/Lic104CM-009-2020-HNMCR803-ResoluciondelaAdjudicacion.pdf
ocds-lcuori-jRDkQG-CM-012-2020-HNMCR-2,ocds-lcuori-jRDkQG-CM-012-2020-HNMCR-2/4,jRDkQG-CM-012-2020-HNMCR-2,145994,Resolucion de la Adjudicacion,awardNotice,Resolucion de la Adjudicacion,application/pdf,2020-03-05T12:00:17.940000-06:00,http://h1.honducompras.gob.hn/Docs/Lic104CM-012-2020-HNMCR803-ResoluciondelaAdjudicacion.pdf
ocds-lcuori-jRDkQG-CM-014-2020-HNMCR-2,ocds-lcuori-jRDkQG-CM-014-2020-HNMCR-2/4,jRDkQG-CM-014-2020-HNMCR-2,146000,Resolucion de la Adjudicacion,awardNotice,Resolucion de la Adjudicacion,application/pdf,2020-03-05T13:14:51.013000-06:00,http://h1.honducompras.gob.hn/Docs/Lic104CM-014-2020-HNMCR803-ResoluciondelaAdjudicacion.pdf
ocds-lcuori-jRDkQG-CM-026-2020-HNMCR-2,ocds-lcuori-jRDkQG-CM-026-2020-HNMCR-2/4,jRDkQG-CM-026-2020-HNMCR-2,145831,Resolucion de la Adjudicacion,awardNotice,Resolucion de la Adjudicacion,application/pdf,2020-03-03T10:46:17.710000-06:00,http://h1.honducompras.gob.hn/Docs/Lic104CM-026-2020-HNMCR803-ResoluciondelaAdjudicacion.pdf
ocds-lcuori-grxXEr-L.P. 003-2020-2,ocds-lcuori-grxXEr-L.P. 003-2020-2/3,grxXEr-L.P. 003-2020-2,146212,Resolucion de la Adjudicacion,awardNotice,Resolucion de la Adjudicacion,application/pdf,2020-03-10T15:48:05.497000-06:00,http://h1.honducompras.gob.hn/Docs/Lic97L.P.%20003-2020802-ResoluciondelaAdjudicacion.pdf
ocds-lcuori-PLe6mG-HSR-LP-013-2020-2,ocds-lcuori-PLe6mG-HSR-LP-013-2020-2/3,PLe6mG-HSR-LP-013-2020-2,146790,Resolucion de la Adjudicacion,awardNotice,Resolucion de la Adjudicacion,application/vnd.openxmlformats-officedocument.wordprocessingml.document,2020-04-08T21:16:25.670000-06:00,http://h1.honducompras.gob.hn/Docs/Lic85HSR-LP-013-2020802-ResoluciondelaAdjudicacion.doc
ocds-lcuori-PLe6mG-HSR-LP-001-2020-2,ocds-lcuori-PLe6mG-HSR-LP-001-2020-2/3,PLe6mG-HSR-LP-001-2020-2,146787,Resolucion de la Adjudicacion,awardNotice,Resolucion de la Adjudicacion,image/jpeg,2020-04-08T21:06:36.387000-06:00,http://h1.honducompras.gob.hn/Docs/Lic85HSR-LP-001-2020802-ResoluciondelaAdjudicacion.jpg
ocds-lcuori-PLe6mG-HSR-LP-002-2020-2,ocds-lcuori-PLe6mG-HSR-LP-002-2020-2/4,PLe6mG-HSR-LP-002-2020-2,146350,Resolucion de la Adjudicacion,awardNotice,Resolucion de la Adjudicacion,application/pdf,2020-03-13T10:45:35.310000-06:00,http://h1.honducompras.gob.hn/Docs/Lic85HSR-LP-002-2020802-ResoluciondelaAdjudicacion.pdf
ocds-lcuori-PLe6mG-HSR-LP-003-2020-2,ocds-lcuori-PLe6mG-HSR-LP-003-2020-2/3,PLe6mG-HSR-LP-003-2020-2,146784,Resolucion de la Adjudicacion,awardNotice,Resolucion de la Adjudicacion,application/vnd.openxmlformats-officedocument.spreadsheetml.sheet,2020-04-08T20:48:43.533000-06:00,http://h1.honducompras.gob.hn/Docs/Lic85HSR-LP-003-2020802-ResoluciondelaAdjudicacion.xlsx
ocds-lcuori-grxXEr-L.P.008-2020-2,ocds-lcuori-grxXEr-L.P.008-2020-2/2,grxXEr-L.P.008-2020-2,146138,Resolucion de la Adjudicacion,awardNotice,Resolucion de la Adjudicacion,application/pdf,2020-03-09T14:15:06.707000-06:00,http://h1.honducompras.gob.hn/Docs/Lic97L.P.008-2020802-ResoluciondelaAdjudicacion.pdf
ocds-lcuori-8L42ZR-L.P 01-2020-2,ocds-lcuori-8L42ZR-L.P 01-2020-2/2,8L42ZR-L.P 01-2020-2,146887,Resolucion de la Adjudicacion,awardNotice,Resolucion de la Adjudicacion,application/pdf,2020-04-13T13:27:46.980000-06:00,http://h1.honducompras.gob.hn/Docs/Lic606L.P%2001-2020803-ResoluciondelaAdjudicacion.pdf
ocds-lcuori-8L47Pr-L-P 001-2020-HO-2,ocds-lcuori-8L47Pr-L-P 001-2020-HO-2/2,8L47Pr-L-P 001-2020-HO-2,145903,Resolucion de la Adjudicacion,awardNotice,Resolucion de la Adjudicacion,application/pdf,2020-03-04T13:10:22.103000-06:00,http://h1.honducompras.gob.hn/Docs/Lic94L-P%20001-2020-HO802-ResoluciondelaAdjudicacion.PDF
ocds-lcuori-8L47Pr-LP-002-2020-HO-2,ocds-lcuori-8L47Pr-LP-002-2020-HO-2/2,8L47Pr-LP-002-2020-HO-2,145906,Resolucion de la Adjudicacion,awardNotice,Resolucion de la Adjudicacion,application/pdf,2020-03-04T13:18:35.457000-06:00,http://h1.honducompras.gob.hn/Docs/Lic94LP-002-2020-HO802-ResoluciondelaAdjudicacion.PDF
ocds-lcuori-8L47Pr-L-P 003-2020-HO-2,ocds-lcuori-8L47Pr-L-P 003-2020-HO-2/2,8L47Pr-L-P 003-2020-HO-2,145910,Resolucion de la Adjudicacion,awardNotice,Resolucion de la Adjudicacion,application/pdf,2020-03-04T13:26:27.050000-06:00,http://h1.honducompras.gob.hn/Docs/Lic94L-P%20003-2020-HO802-ResoluciondelaAdjudicacion.PDF
ocds-lcuori-8L47Pr-LP-006-2020-HO-2,ocds-lcuori-8L47Pr-LP-006-2020-HO-2/2,8L47Pr-LP-006-2020-HO-2,145926,Resolucion de la Adjudicacion,awardNotice,Resolucion de la Adjudicacion,application/pdf,2020-03-04T14:04:32.097000-06:00,http://h1.honducompras.gob.hn/Docs/Lic94LP-006-2020-HO802-ResoluciondelaAdjudicacion.PDF
ocds-lcuori-8L47Pr-L-P 009-2020-HO-2,ocds-lcuori-8L47Pr-L-P 009-2020-HO-2/2,8L47Pr-L-P 009-2020-HO-2,145935,Resolucion de la Adjudicacion,awardNotice,Resolucion de la Adjudicacion,application/pdf,2020-03-04T14:45:11.607000-06:00,http://h1.honducompras.gob.hn/Docs/Lic94L-P%20009-2020-HO803-ResoluciondelaAdjudicacion.PDF
ocds-lcuori-8L47Pr-LP-010-2020-HO-2,ocds-lcuori-8L47Pr-LP-010-2020-HO-2/3,8L47Pr-LP-010-2020-HO-2,145938,Resolucion de la Adjudicacion,awardNotice,Resolucion de la Adjudicacion,application/pdf,2020-03-04T15:00:31.193000-06:00,http://h1.honducompras.gob.hn/Docs/Lic94LP-010-2020-HO802-ResoluciondelaAdjudicacion.PDF
ocds-lcuori-8L47Pr-LP-011-2020-HO-2,ocds-lcuori-8L47Pr-LP-011-2020-HO-2/1,8L47Pr-LP-011-2020-HO-2,145941,Resolucion de la Adjudicacion,awardNotice,Resolucion de la Adjudicacion,application/pdf,2020-03-04T15:10:59.180000-06:00,http://h1.honducompras.gob.hn/Docs/Lic94LP-011-2020-HO802-ResoluciondelaAdjudicacion.PDF
ocds-lcuori-8L47Pr-LP-012-2020-HO-2,ocds-lcuori-8L47Pr-LP-012-2020-HO-2/1,8L47Pr-LP-012-2020-HO-2,145944,Resolucion de la Adjudicacion,awardNotice,Resolucion de la Adjudicacion,application/pdf,2020-03-04T15:20:16.317000-06:00,http://h1.honducompras.gob.hn/Docs/Lic94LP-012-2020-HO802-ResoluciondelaAdjudicacion.PDF
ocds-lcuori-JLKQxR-LP 001-2020-2,ocds-lcuori-JLKQxR-LP 001-2020-2/3,JLKQxR-LP 001-2020-2,146439,Resolucion de la Adjudicacion,awardNotice,Resolucion de la Adjudicacion,application/pdf,2020-03-16T13:11:38.697000-06:00,http://h1.honducompras.gob.hn/Docs/Lic79LP%20001-2020803-ResoluciondelaAdjudicacion.pdf
ocds-lcuori-grxXor-LIC -HAME -022-2020-2,ocds-lcuori-grxXor-LIC -HAME -022-2020-2/3,grxXor-LIC -HAME -022-2020-2,146827,Resolucion de la Adjudicacion,awardNotice,Resolucion de la Adjudicacion,application/pdf,2020-04-12T10:53:59.230000-06:00,http://h1.honducompras.gob.hn/Docs/Lic109LIC%20-HAME%20-022-2020803-ResoluciondelaAdjudicacion.pdf
ocds-lcuori-grxXor-LIC -HAME023-2020-2,ocds-lcuori-grxXor-LIC -HAME023-2020-2/3,grxXor-LIC -HAME023-2020-2,146829,Resolucion de la Adjudicacion,awardNotice,Resolucion de la Adjudicacion,application/pdf,2020-04-12T10:55:34.017000-06:00,http://h1.honducompras.gob.hn/Docs/Lic109LIC%20-HAME023-2020803-ResoluciondelaAdjudicacion.pdf
ocds-lcuori-grxXor-LIC -023-HAME-2020-2,ocds-lcuori-grxXor-LIC -023-HAME-2020-2/3,grxXor-LIC -023-HAME-2020-2,146831,Resolucion de la Adjudicacion,awardNotice,Resolucion de la Adjudicacion,application/pdf,2020-04-12T10:57:16.320000-06:00,http://h1.honducompras.gob.hn/Docs/Lic109LIC%20-023-HAME-2020803-ResoluciondelaAdjudicacion.pdf
ocds-lcuori-8L47Pr-L-P 005-2020-HO-2,ocds-lcuori-8L47Pr-L-P 005-2020-HO-2/2,8L47Pr-L-P 005-2020-HO-2,145918,Resolucion de la Adjudicacion,awardNotice,Resolucion de la Adjudicacion,application/pdf,2020-03-04T13:43:00.713000-06:00,http://h1.honducompras.gob.hn/Docs/Lic94L-P%20005-2020-HO802-ResoluciondelaAdjudicacion.PDF
ocds-lcuori-ERpngL-001-2020-2,ocds-lcuori-ERpngL-001-2020-2/3,ERpngL-001-2020-2,146585,Resolucion de la Adjudicacion,awardNotice,Resolucion de la Adjudicacion,image/jpeg,2020-03-27T13:34:21.850000-06:00,http://h1.honducompras.gob.hn/Docs/Lic644001-2020803-ResoluciondelaAdjudicacion.jpg
ocds-lcuori-ERpngL-LP-002-2020-2,ocds-lcuori-ERpngL-LP-002-2020-2/3,ERpngL-LP-002-2020-2,146588,Resolucion de la Adjudicacion,awardNotice,Resolucion de la Adjudicacion,image/jpeg,2020-03-27T14:07:46.823000-06:00,http://h1.honducompras.gob.hn/Docs/Lic644LP-002-2020804-ResoluciondelaAdjudicacion.jpg
ocds-lcuori-8L47Pr-LP-007-2020-HO-2,ocds-lcuori-8L47Pr-LP-007-2020-HO-2/2,8L47Pr-LP-007-2020-HO-2,145929,Resolucion de la Adjudicacion,awardNotice,Resolucion de la Adjudicacion,application/pdf,2020-03-04T14:15:12.940000-06:00,http://h1.honducompras.gob.hn/Docs/Lic94LP-007-2020-HO802-ResoluciondelaAdjudicacion.PDF
ocds-lcuori-8L47Pr-L-P 020-2020-HO-2,ocds-lcuori-8L47Pr-L-P 020-2020-HO-2/1,8L47Pr-L-P 020-2020-HO-2,146627,Resolucion de la Adjudicacion,awardNotice,Resolucion de la Adjudicacion,application/pdf,2020-03-31T11:44:51.857000-06:00,http://h1.honducompras.gob.hn/Docs/Lic94L-P%20020-2020-HO802-ResoluciondelaAdjudicacion.PDF
ocds-lcuori-8L47Pr-L-P 004-2020-HO-2,ocds-lcuori-8L47Pr-L-P 004-2020-HO-2/2,8L47Pr-L-P 004-2020-HO-2,145914,Resolucion de la Adjudicacion,awardNotice,Resolucion de la Adjudicacion,application/pdf,2020-03-04T13:34:15.810000-06:00,http://h1.honducompras.gob.hn/Docs/Lic94L-P%20004-2020-HO802-ResoluciondelaAdjudicacion.PDF
ocds-lcuori-PLe6mG-HSR-LP-018-2020-2,ocds-lcuori-PLe6mG-HSR-LP-018-2020-2/4,PLe6mG-HSR-LP-018-2020-2,146365,Resolucion de la Adjudicacion,awardNotice,Resolucion de la Adjudicacion,application/pdf,2020-03-13T11:25:24.663000-06:00,http://h1.honducompras.gob.hn/Docs/Lic85HSR-LP-018-2020802-ResoluciondelaAdjudicacion.pdf
ocds-lcuori-PLe6mG-HSR-LP-006-2020-2,ocds-lcuori-PLe6mG-HSR-LP-006-2020-2/4,PLe6mG-HSR-LP-006-2020-2,146372,Resolucion de la Adjudicacion,awardNotice,Resolucion de la Adjudicacion,application/pdf,2020-03-13T11:47:47.413000-06:00,http://h1.honducompras.gob.hn/Docs/Lic85HSR-LP-006-2020803-ResoluciondelaAdjudicacion.pdf
ocds-lcuori-jRDkVG-LP-03-2020-2,ocds-lcuori-jRDkVG-LP-03-2020-2/4,jRDkVG-LP-03-2020-2,146444,Resolucion de la Adjudicacion,awardNotice,Resolucion de la Adjudicacion,application/pdf,2020-03-16T14:52:33.787000-06:00,http://h1.honducompras.gob.hn/Docs/Lic92LP-03-2020804-ResoluciondelaAdjudicacion.pdf
ocds-lcuori-jRDkVG-LP-04-2020-2,ocds-lcuori-jRDkVG-LP-04-2020-2/4,jRDkVG-LP-04-2020-2,146445,Resolucion de la Adjudicacion,awardNotice,Resolucion de la Adjudicacion,application/pdf,2020-03-16T14:53:16.870000-06:00,http://h1.honducompras.gob.hn/Docs/Lic92LP-04-2020804-ResoluciondelaAdjudicacion.pdf
ocds-lcuori-JL7W2L-LP 001-2020-2,ocds-lcuori-JL7W2L-LP 001-2020-2/2,JL7W2L-LP 001-2020-2,146592,Resolucion de la Adjudicacion,awardNotice,Resolucion de la Adjudicacion,application/pdf,2020-03-27T15:41:04.840000-06:00,http://h1.honducompras.gob.hn/Docs/Lic643LP%20001-2020803-ResoluciondelaAdjudicacion.pdf
ocds-lcuori-4LOxWG-23-2020-2,ocds-lcuori-4LOxWG-23-2020-2/2,4LOxWG-23-2020-2,146041,Resolucion de la Adjudicacion,awardNotice,Resolucion de la Adjudicacion,application/pdf,2020-03-06T10:11:12.837000-06:00,http://h1.honducompras.gob.hn/Docs/Lic8323-2020802-ResoluciondelaAdjudicacion.pdf
ocds-lcuori-4LOxWG-24-2020-2,ocds-lcuori-4LOxWG-24-2020-2/2,4LOxWG-24-2020-2,146045,Resolucion de la Adjudicacion,awardNotice,Resolucion de la Adjudicacion,application/pdf,2020-03-06T10:18:36.917000-06:00,http://h1.honducompras.gob.hn/Docs/Lic8324-2020802-ResoluciondelaAdjudicacion.pdf
ocds-lcuori-4LOxWG-24-2020-2,ocds-lcuori-4LOxWG-24-2020-2/2,4LOxWG-24-2020-2,146053,Resolucion de la Adjudicacion,awardNotice,Resolucion de la Adjudicacion,application/pdf,2020-03-06T11:38:29.563000-06:00,http://h1.honducompras.gob.hn/Docs/Lic8324-2020803-ResoluciondelaAdjudicacion.pdf
ocds-lcuori-4LOxWG-25-2020-2,ocds-lcuori-4LOxWG-25-2020-2/3,4LOxWG-25-2020-2,146063,Resolucion de la Adjudicacion,awardNotice,Resolucion de la Adjudicacion,application/pdf,2020-03-06T11:57:31.457000-06:00,http://h1.honducompras.gob.hn/Docs/Lic8325-2020802-ResoluciondelaAdjudicacion.pdf
ocds-lcuori-4LOxWG-26-2020-2,ocds-lcuori-4LOxWG-26-2020-2/2,4LOxWG-26-2020-2,146055,Resolucion de la Adjudicacion,awardNotice,Resolucion de la Adjudicacion,application/pdf,2020-03-06T11:43:19.953000-06:00,http://h1.honducompras.gob.hn/Docs/Lic8326-2020802-ResoluciondelaAdjudicacion.pdf
ocds-lcuori-4LOxWG-27-2020-2,ocds-lcuori-4LOxWG-27-2020-2/2,4LOxWG-27-2020-2,146061,Resolucion de la Adjudicacion,awardNotice,Resolucion de la Adjudicacion,application/pdf,2020-03-06T11:51:54.800000-06:00,http://h1.honducompras.gob.hn/Docs/Lic8327-2020802-ResoluciondelaAdjudicacion.pdf
ocds-lcuori-1RaEMR-HJMG-LP-002-2020-2,ocds-lcuori-1RaEMR-HJMG-LP-002-2020-2/5,1RaEMR-HJMG-LP-002-2020-2,146180,Resolucion de la Adjudicacion,awardNotice,Resolucion de la Adjudicacion,application/pdf,2020-03-10T09:29:31.310000-06:00,http://h1.honducompras.gob.hn/Docs/Lic103HJMG-LP-002-2020803-ResoluciondelaAdjudicacion.pdf
ocds-lcuori-yRl6pL-CI-001-SSIS-BID-3371-2020-2,ocds-lcuori-yRl6pL-CI-001-SSIS-BID-3371-2020-2/3,yRl6pL-CI-001-SSIS-BID-3371-2020-2,145528,Resolucion de la Adjudicacion,awardNotice,Resolucion de la Adjudicacion,application/pdf,2020-02-24T13:44:14.547000-06:00,http://h1.honducompras.gob.hn/Docs/Lic232CI-001-SSIS-BID-3371-2020802-ResoluciondelaAdjudicacion.pdf
ocds-lcuori-1RaEMR-HJMG-LP-006-2020 -2,ocds-lcuori-1RaEMR-HJMG-LP-006-2020 -2/4,1RaEMR-HJMG-LP-006-2020 -2,146182,Resolucion de la Adjudicacion,awardNotice,Resolucion de la Adjudicacion,application/pdf,2020-03-10T10:11:29.523000-06:00,http://h1.honducompras.gob.hn/Docs/Lic103HJMG-LP-006-2020%20803-ResoluciondelaAdjudicacion.pdf
ocds-lcuori-7GX4eG-LPN-INE-FN-001-2020-2,ocds-lcuori-7GX4eG-LPN-INE-FN-001-2020-2/3,7GX4eG-LPN-INE-FN-001-2020-2,145957,Resolucion de la Adjudicacion,awardNotice,Resolucion de la Adjudicacion,application/pdf,2020-03-05T09:45:14.977000-06:00,http://h1.honducompras.gob.hn/Docs/Lic159LPN-INE-FN-001-2020804-ResoluciondelaAdjudicacion.pdf
ocds-lcuori-4LOxWG-11-2020-2,ocds-lcuori-4LOxWG-11-2020-2/3,4LOxWG-11-2020-2,146874,Resolucion de la Adjudicacion,awardNotice,Resolucion de la Adjudicacion,application/pdf,2020-04-13T11:42:16.773000-06:00,http://h1.honducompras.gob.hn/Docs/Lic8311-2020802-ResoluciondelaAdjudicacion.pdf
ocds-lcuori-4LOxWG-12-2020-2,ocds-lcuori-4LOxWG-12-2020-2/3,4LOxWG-12-2020-2,146863,Resolucion de la Adjudicacion,awardNotice,Resolucion de la Adjudicacion,application/pdf,2020-04-13T11:17:23.323000-06:00,http://h1.honducompras.gob.hn/Docs/Lic8312-2020803-ResoluciondelaAdjudicacion.pdf
ocds-lcuori-4LOxWG-13-2020-2,ocds-lcuori-4LOxWG-13-2020-2/3,4LOxWG-13-2020-2,146861,Resolucion de la Adjudicacion,awardNotice,Resolucion de la Adjudicacion,application/pdf,2020-04-13T11:12:25.913000-06:00,http://h1.honducompras.gob.hn/Docs/Lic8313-2020802-ResoluciondelaAdjudicacion.pdf
ocds-lcuori-4LOxWG-14-2020-2,ocds-lcuori-4LOxWG-14-2020-2/3,4LOxWG-14-2020-2,146835,Resolucion de la Adjudicacion,awardNotice,Resolucion de la Adjudicacion,application/pdf,2020-04-13T10:04:55.840000-06:00,http://h1.honducompras.gob.hn/Docs/Lic8314-2020802-ResoluciondelaAdjudicacion.pdf
ocds-lcuori-4LOxWG-15-2020-2,ocds-lcuori-4LOxWG-15-2020-2/3,4LOxWG-15-2020-2,146865,Resolucion de la Adjudicacion,awardNotice,Resolucion de la Adjudicacion,application/pdf,2020-04-13T11:22:11.527000-06:00,http://h1.honducompras.gob.hn/Docs/Lic8315-2020802-ResoluciondelaAdjudicacion.pdf
ocds-lcuori-4LOxWG-16-2020-2,ocds-lcuori-4LOxWG-16-2020-2/3,4LOxWG-16-2020-2,146867,Resolucion de la Adjudicacion,awardNotice,Resolucion de la Adjudicacion,application/pdf,2020-04-13T11:28:38.517000-06:00,http://h1.honducompras.gob.hn/Docs/Lic8316-2020802-ResoluciondelaAdjudicacion.pdf
ocds-lcuori-4LOxWG-17-2020-2,ocds-lcuori-4LOxWG-17-2020-2/3,4LOxWG-17-2020-2,146872,Resolucion de la Adjudicacion,awardNotice,Resolucion de la Adjudicacion,application/pdf,2020-04-13T11:37:19.210000-06:00,http://h1.honducompras.gob.hn/Docs/Lic8317-2020802-ResoluciondelaAdjudicacion.pdf
ocds-lcuori-4LOxWG-18-2020-2,ocds-lcuori-4LOxWG-18-2020-2/3,4LOxWG-18-2020-2,146842,Resolucion de la Adjudicacion,awardNotice,Resolucion de la Adjudicacion,application/pdf,2020-04-13T10:38:26.470000-06:00,http://h1.honducompras.gob.hn/Docs/Lic8318-2020802-ResoluciondelaAdjudicacion.pdf
ocds-lcuori-4LOxWG-19-2020-2,ocds-lcuori-4LOxWG-19-2020-2/3,4LOxWG-19-2020-2,146839,Resolucion de la Adjudicacion,awardNotice,Resolucion de la Adjudicacion,application/pdf,2020-04-13T10:17:15.400000-06:00,http://h1.honducompras.gob.hn/Docs/Lic8319-2020802-ResoluciondelaAdjudicacion.pdf
ocds-lcuori-4LOxWG-19-2020-2,ocds-lcuori-4LOxWG-19-2020-2/3,4LOxWG-19-2020-2,146840,Resolucion de la Adjudicacion,awardNotice,Resolucion de la Adjudicacion,application/pdf,2020-04-13T10:17:29.153000-06:00,http://h1.honducompras.gob.hn/Docs/Lic8319-2020802-ResoluciondelaAdjudicacion.pdf
ocds-lcuori-4LOxWG-20-2020-2,ocds-lcuori-4LOxWG-20-2020-2/3,4LOxWG-20-2020-2,146846,Resolucion de la Adjudicacion,awardNotice,Resolucion de la Adjudicacion,application/pdf,2020-04-13T11:01:44.210000-06:00,http://h1.honducompras.gob.hn/Docs/Lic8320-2020802-ResoluciondelaAdjudicacion.pdf
ocds-lcuori-1RaMPR-CI-ACS-GAFSP-01-2020-2,ocds-lcuori-1RaMPR-CI-ACS-GAFSP-01-2020-2/4,1RaMPR-CI-ACS-GAFSP-01-2020-2,146698,Resolucion de la Adjudicacion,awardNotice,Resolucion de la Adjudicacion,application/pdf,2020-04-05T23:05:52.660000-06:00,http://h1.honducompras.gob.hn/Docs/Lic703CI-ACS-GAFSP-01-2020803-ResoluciondelaAdjudicacion.pdf
ocds-lcuori-1RaMPR-CI-ACS-GAFSP-02-2020-2,ocds-lcuori-1RaMPR-CI-ACS-GAFSP-02-2020-2/4,1RaMPR-CI-ACS-GAFSP-02-2020-2,146700,Resolucion de la Adjudicacion,awardNotice,Resolucion de la Adjudicacion,application/pdf,2020-04-05T23:19:25.003000-06:00,http://h1.honducompras.gob.hn/Docs/Lic703CI-ACS-GAFSP-02-2020803-ResoluciondelaAdjudicacion.pdf
ocds-lcuori-7G3n9L-LPRIVADA 002-2020-2,ocds-lcuori-7G3n9L-LPRIVADA 002-2020-2/3,7G3n9L-LPRIVADA 002-2020-2,145675,Resolucion de la Adjudicacion,awardNotice,Resolucion de la Adjudicacion,application/pdf,2020-02-27T16:09:59.950000-06:00,http://h1.honducompras.gob.hn/Docs/Lic996LPRIVADA%20002-2020802-ResoluciondelaAdjudicacion.pdf
ocds-lcuori-MLQd4r-LPN-SGJD-003-2019-2,ocds-lcuori-MLQd4r-LPN-SGJD-003-2019-2/4,MLQd4r-LPN-SGJD-003-2019-2,145074,Resolucion de la Adjudicacion,awardNotice,Resolucion de la Adjudicacion,application/pdf,2020-02-07T10:58:01.117000-06:00,http://h1.honducompras.gob.hn/Docs/Lic1093LPN-SGJD-003-2019805-ResoluciondelaAdjudicacion.pdf
ocds-lcuori-MLQd4r-LPN-SGJD-003-2019-2,ocds-lcuori-MLQd4r-LPN-SGJD-003-2019-2/4,MLQd4r-LPN-SGJD-003-2019-2,145075,Resolucion de la Adjudicacion,awardNotice,Resolucion de la Adjudicacion,application/pdf,2020-02-07T10:58:04.190000-06:00,http://h1.honducompras.gob.hn/Docs/Lic1093LPN-SGJD-003-2019805-ResoluciondelaAdjudicacion.pdf
ocds-lcuori-MLQd4r-LPN-SGJD-003-2019-2,ocds-lcuori-MLQd4r-LPN-SGJD-003-2019-2/4,MLQd4r-LPN-SGJD-003-2019-2,145076,Resolucion de la Adjudicacion,awardNotice,Resolucion de la Adjudicacion,application/pdf,2020-02-07T10:58:06.857000-06:00,http://h1.honducompras.gob.hn/Docs/Lic1093LPN-SGJD-003-2019805-ResoluciondelaAdjudicacion.pdf
ocds-lcuori-MLQd4r-LPN-SGJD-003-2019-2,ocds-lcuori-MLQd4r-LPN-SGJD-003-2019-2/4,MLQd4r-LPN-SGJD-003-2019-2,145077,Resolucion de la Adjudicacion,awardNotice,Resolucion de la Adjudicacion,application/pdf,2020-02-07T10:58:28.690000-06:00,http://h1.honducompras.gob.hn/Docs/Lic1093LPN-SGJD-003-2019805-ResoluciondelaAdjudicacion.pdf
ocds-lcuori-vGZWNR-CD-IHSS-01-2020-2,ocds-lcuori-vGZWNR-CD-IHSS-01-2020-2/3,vGZWNR-CD-IHSS-01-2020-2,145024,Resolucion de la Adjudicacion,awardNotice,Resolucion de la Adjudicacion,application/pdf,2020-02-05T14:27:49.793000-06:00,http://h1.honducompras.gob.hn/Docs/Lic117CD-IHSS-01-2020803-ResoluciondelaAdjudicacion.pdf
ocds-lcuori-jRDkVG-LP-01-2020-2,ocds-lcuori-jRDkVG-LP-01-2020-2/4,jRDkVG-LP-01-2020-2,146442,Resolucion de la Adjudicacion,awardNotice,Resolucion de la Adjudicacion,application/pdf,2020-03-16T14:50:56.647000-06:00,http://h1.honducompras.gob.hn/Docs/Lic92LP-01-2020804-ResoluciondelaAdjudicacion.pdf
ocds-lcuori-jRDkVG-LP-02-2020-2,ocds-lcuori-jRDkVG-LP-02-2020-2/4,jRDkVG-LP-02-2020-2,146443,Resolucion de la Adjudicacion,awardNotice,Resolucion de la Adjudicacion,application/pdf,2020-03-16T14:51:49.900000-06:00,http://h1.honducompras.gob.hn/Docs/Lic92LP-02-2020804-ResoluciondelaAdjudicacion.pdf
ocds-lcuori-7GX5MR-SEN-004-2020-2,ocds-lcuori-7GX5MR-SEN-004-2020-2/2,7GX5MR-SEN-004-2020-2,145666,Resolucion de la Adjudicacion,awardNotice,Resolucion de la Adjudicacion,application/pdf,2020-02-27T15:33:04.093000-06:00,http://h1.honducompras.gob.hn/Docs/Lic1115SEN-004-2020802-ResoluciondelaAdjudicacion.pdf
ocds-lcuori-7GX5MR-SEN-GA-004-2020-2,ocds-lcuori-7GX5MR-SEN-GA-004-2020-2/2,7GX5MR-SEN-GA-004-2020-2,145671,Resolucion de la Adjudicacion,awardNotice,Resolucion de la Adjudicacion,application/pdf,2020-02-27T15:36:17.607000-06:00,http://h1.honducompras.gob.hn/Docs/Lic1115SEN-GA-004-2020802-ResoluciondelaAdjudicacion.pdf
ocds-lcuori-Er6jdr-Expresión de Interés No.PGRD-01-2020-2,ocds-lcuori-Er6jdr-Expresión de Interés No.PGRD-01-2020-2/4,Er6jdr-Expresión de Interés No.PGRD-01-2020-2,146323,Resolucion de la Adjudicacion,awardNotice,Resolucion de la Adjudicacion,application/pdf,2020-03-12T16:39:51.780000-06:00,http://h1.honducompras.gob.hn/Docs/Lic719Expresi%C3%B3n%20de%20Inter%C3%A9s%20No.PGRD-01-2020804-ResoluciondelaAdjudicacion.pdf
ocds-lcuori-Er6jdr-Expresión de Interés No.PGRD-02-2020-2,ocds-lcuori-Er6jdr-Expresión de Interés No.PGRD-02-2020-2/4,Er6jdr-Expresión de Interés No.PGRD-02-2020-2,146325,Resolucion de la Adjudicacion,awardNotice,Resolucion de la Adjudicacion,application/pdf,2020-03-12T16:48:20.463000-06:00,http://h1.honducompras.gob.hn/Docs/Lic719Expresi%C3%B3n%20de%20Inter%C3%A9s%20No.PGRD-02-2020804-ResoluciondelaAdjudicacion.pdf
ocds-lcuori-Er6jdr-Expresión de Interés No.PGRD-03-2020-2,ocds-lcuori-Er6jdr-Expresión de Interés No.PGRD-03-2020-2/6,Er6jdr-Expresión de Interés No.PGRD-03-2020-2,146360,Resolucion de la Adjudicacion,awardNotice,Resolucion de la Adjudicacion,application/pdf,2020-03-13T11:14:45.033000-06:00,http://h1.honducompras.gob.hn/Docs/Lic719Expresi%C3%B3n%20de%20Inter%C3%A9s%20No.PGRD-03-2020806-ResoluciondelaAdjudicacion.pdf
ocds-lcuori-Er6jdr-Expresión de Interés No.PGRD-03-2020-2,ocds-lcuori-Er6jdr-Expresión de Interés No.PGRD-03-2020-2/6,Er6jdr-Expresión de Interés No.PGRD-03-2020-2,146363,Resolucion de la Adjudicacion,awardNotice,Resolucion de la Adjudicacion,application/pdf,2020-03-13T11:22:10.797000-06:00,http://h1.honducompras.gob.hn/Docs/Lic719Expresi%C3%B3n%20de%20Inter%C3%A9s%20No.PGRD-03-2020807-ResoluciondelaAdjudicacion.pdf
ocds-lcuori-1RaEMR-HJMG-LP-001-2020-2,ocds-lcuori-1RaEMR-HJMG-LP-001-2020-2/4,1RaEMR-HJMG-LP-001-2020-2,146643,Resolucion de la Adjudicacion,awardNotice,Resolucion de la Adjudicacion,application/pdf,2020-04-01T10:55:20-06:00,http://h1.honducompras.gob.hn/Docs/Lic103HJMG-LP-001-2020803-ResoluciondelaAdjudicacion.pdf
ocds-lcuori-jRDkQG-CM-001-2020-HNMCR-2,ocds-lcuori-jRDkQG-CM-001-2020-HNMCR-2/4,jRDkQG-CM-001-2020-HNMCR-2,146002,Resolucion de la Adjudicacion,awardNotice,Resolucion de la Adjudicacion,application/pdf,2020-03-05T13:50:31.913000-06:00,http://h1.honducompras.gob.hn/Docs/Lic104CM-001-2020-HNMCR803-ResoluciondelaAdjudicacion.pdf
ocds-lcuori-jRDkQG-CM-002-2020-HNMCR-2,ocds-lcuori-jRDkQG-CM-002-2020-HNMCR-2/4,jRDkQG-CM-002-2020-HNMCR-2,145950,Resolucion de la Adjudicacion,awardNotice,Resolucion de la Adjudicacion,application/pdf,2020-03-05T09:12:58.830000-06:00,http://h1.honducompras.gob.hn/Docs/Lic104CM-002-2020-HNMCR803-ResoluciondelaAdjudicacion.pdf
ocds-lcuori-jRDkQG-CM-003-2020-HNMCR-2,ocds-lcuori-jRDkQG-CM-003-2020-HNMCR-2/4,jRDkQG-CM-003-2020-HNMCR-2,146008,Resolucion de la Adjudicacion,awardNotice,Resolucion de la Adjudicacion,application/pdf,2020-03-05T14:23:35.443000-06:00,http://h1.honducompras.gob.hn/Docs/Lic104CM-003-2020-HNMCR803-ResoluciondelaAdjudicacion.pdf
ocds-lcuori-jRDkQG-CM-004-2020-HNMCR-2,ocds-lcuori-jRDkQG-CM-004-2020-HNMCR-2/4,jRDkQG-CM-004-2020-HNMCR-2,146006,Resolucion de la Adjudicacion,awardNotice,Resolucion de la Adjudicacion,application/pdf,2020-03-05T14:14:02.030000-06:00,http://h1.honducompras.gob.hn/Docs/Lic104CM-004-2020-HNMCR803-ResoluciondelaAdjudicacion.pdf
ocds-lcuori-jRDkQG-CM-007-2020-HNMCR-2,ocds-lcuori-jRDkQG-CM-007-2020-HNMCR-2/4,jRDkQG-CM-007-2020-HNMCR-2,145841,Resolucion de la Adjudicacion,awardNotice,Resolucion de la Adjudicacion,application/pdf,2020-03-03T11:45:10.460000-06:00,http://h1.honducompras.gob.hn/Docs/Lic104CM-007-2020-HNMCR803-ResoluciondelaAdjudicacion.pdf
ocds-lcuori-jRDkQG-CM-010-2020-HNMCR-2,ocds-lcuori-jRDkQG-CM-010-2020-HNMCR-2/4,jRDkQG-CM-010-2020-HNMCR-2,145973,Resolucion de la Adjudicacion,awardNotice,Resolucion de la Adjudicacion,application/pdf,2020-03-05T10:46:48.150000-06:00,http://h1.honducompras.gob.hn/Docs/Lic104CM-010-2020-HNMCR803-ResoluciondelaAdjudicacion.pdf
ocds-lcuori-jRDkQG-CM-013-2020-HNMCR-2,ocds-lcuori-jRDkQG-CM-013-2020-HNMCR-2/4,jRDkQG-CM-013-2020-HNMCR-2,145998,Resolucion de la Adjudicacion,awardNotice,Resolucion de la Adjudicacion,application/pdf,2020-03-05T13:02:57.097000-06:00,http://h1.honducompras.gob.hn/Docs/Lic104CM-013-2020-HNMCR803-ResoluciondelaAdjudicacion.pdf
ocds-lcuori-jRDkQG-CM-015-2020-HNMCR-2,ocds-lcuori-jRDkQG-CM-015-2020-HNMCR-2/4,jRDkQG-CM-015-2020-HNMCR-2,145829,Resolucion de la Adjudicacion,awardNotice,Resolucion de la Adjudicacion,application/pdf,2020-03-03T10:35:57.513000-06:00,http://h1.honducompras.gob.hn/Docs/Lic104CM-015-2020-HNMCR803-ResoluciondelaAdjudicacion.pdf
ocds-lcuori-jRDkQG-CM-016-2020-HNMCR-2,ocds-lcuori-jRDkQG-CM-016-2020-HNMCR-2/4,jRDkQG-CM-016-2020-HNMCR-2,145833,Resolucion de la Adjudicacion,awardNotice,Resolucion de la Adjudicacion,application/pdf,2020-03-03T11:12:17.330000-06:00,http://h1.honducompras.gob.hn/Docs/Lic104CM-016-2020-HNMCR803-ResoluciondelaAdjudicacion.pdf
ocds-lcuori-jRDkQG-CM-017-2020-HNMCR-2,ocds-lcuori-jRDkQG-CM-017-2020-HNMCR-2/4,jRDkQG-CM-017-2020-HNMCR-2,145992,Resolucion de la Adjudicacion,awardNotice,Resolucion de la Adjudicacion,application/pdf,2020-03-05T11:48:32.603000-06:00,http://h1.honducompras.gob.hn/Docs/Lic104CM-017-2020-HNMCR803-ResoluciondelaAdjudicacion.pdf
ocds-lcuori-jRDkQG-CM-018-2020-HNMCR-2,ocds-lcuori-jRDkQG-CM-018-2020-HNMCR-2/4,jRDkQG-CM-018-2020-HNMCR-2,145837,Resolucion de la Adjudicacion,awardNotice,Resolucion de la Adjudicacion,application/pdf,2020-03-03T11:24:38.847000-06:00,http://h1.honducompras.gob.hn/Docs/Lic104CM-018-2020-HNMCR803-ResoluciondelaAdjudicacion.pdf
ocds-lcuori-jRDkQG-CM-019-2020-HNMCR-2,ocds-lcuori-jRDkQG-CM-019-2020-HNMCR-2/4,jRDkQG-CM-019-2020-HNMCR-2,145171,Resolucion de la Adjudicacion,awardNotice,Resolucion de la Adjudicacion,application/pdf,2020-02-12T09:41:48.360000-06:00,http://h1.honducompras.gob.hn/Docs/Lic104CM-019-2020-HNMCR803-ResoluciondelaAdjudicacion.pdf
ocds-lcuori-jRDkQG-CM-020-2020-HNMCR-2,ocds-lcuori-jRDkQG-CM-020-2020-HNMCR-2/4,jRDkQG-CM-020-2020-HNMCR-2,145169,Resolucion de la Adjudicacion,awardNotice,Resolucion de la Adjudicacion,application/pdf,2020-02-12T09:27:55.060000-06:00,http://h1.honducompras.gob.hn/Docs/Lic104CM-020-2020-HNMCR803-ResoluciondelaAdjudicacion.pdf
ocds-lcuori-jRDkQG-CM-021-2020-HNMCR-2,ocds-lcuori-jRDkQG-CM-021-2020-HNMCR-2/4,jRDkQG-CM-021-2020-HNMCR-2,145188,Resolucion de la Adjudicacion,awardNotice,Resolucion de la Adjudicacion,application/pdf,2020-02-12T11:21:41.713000-06:00,http://h1.honducompras.gob.hn/Docs/Lic104CM-021-2020-HNMCR803-ResoluciondelaAdjudicacion.pdf
ocds-lcuori-jRDkQG-CM-022-2020-HNMCR-2,ocds-lcuori-jRDkQG-CM-022-2020-HNMCR-2/4,jRDkQG-CM-022-2020-HNMCR-2,145827,Resolucion de la Adjudicacion,awardNotice,Resolucion de la Adjudicacion,application/pdf,2020-03-03T10:17:42.160000-06:00,http://h1.honducompras.gob.hn/Docs/Lic104CM-022-2020-HNMCR803-ResoluciondelaAdjudicacion.pdf
ocds-lcuori-jRDkQG-CM-023-2020-HNMCR-2,ocds-lcuori-jRDkQG-CM-023-2020-HNMCR-2/4,jRDkQG-CM-023-2020-HNMCR-2,145952,Resolucion de la Adjudicacion,awardNotice,Resolucion de la Adjudicacion,application/pdf,2020-03-05T09:21:45.170000-06:00,http://h1.honducompras.gob.hn/Docs/Lic104CM-023-2020-HNMCR803-ResoluciondelaAdjudicacion.pdf
ocds-lcuori-jRDkQG-CM-024-2020-HNMCR-2,ocds-lcuori-jRDkQG-CM-024-2020-HNMCR-2/4,jRDkQG-CM-024-2020-HNMCR-2,145955,Resolucion de la Adjudicacion,awardNotice,Resolucion de la Adjudicacion,application/pdf,2020-03-05T09:36:05.503000-06:00,http://h1.honducompras.gob.hn/Docs/Lic104CM-024-2020-HNMCR803-ResoluciondelaAdjudicacion.pdf
ocds-lcuori-jRDkQG-CM-025-2020-HNMCR-2,ocds-lcuori-jRDkQG-CM-025-2020-HNMCR-2/4,jRDkQG-CM-025-2020-HNMCR-2,145180,Resolucion de la Adjudicacion,awardNotice,Resolucion de la Adjudicacion,application/pdf,2020-02-12T10:39:54.020000-06:00,http://h1.honducompras.gob.hn/Docs/Lic104CM-025-2020-HNMCR803-ResoluciondelaAdjudicacion.pdf
ocds-lcuori-jRDkQG-CM-027-2020-HNMCR-2,ocds-lcuori-jRDkQG-CM-027-2020-HNMCR-2/4,jRDkQG-CM-027-2020-HNMCR-2,145178,Resolucion de la Adjudicacion,awardNotice,Resolucion de la Adjudicacion,application/pdf,2020-02-12T10:25:18.333000-06:00,http://h1.honducompras.gob.hn/Docs/Lic104CM-027-2020-HNMCR803-ResoluciondelaAdjudicacion.pdf
ocds-lcuori-jRDkQG-CM-028-2020-HNMCR-2,ocds-lcuori-jRDkQG-CM-028-2020-HNMCR-2/4,jRDkQG-CM-028-2020-HNMCR-2,145182,Resolucion de la Adjudicacion,awardNotice,Resolucion de la Adjudicacion,application/pdf,2020-02-12T10:52:18.887000-06:00,http://h1.honducompras.gob.hn/Docs/Lic104CM-028-2020-HNMCR803-ResoluciondelaAdjudicacion.pdf
ocds-lcuori-jRDkQG-CM-041-2020-HNMCR-2,ocds-lcuori-jRDkQG-CM-041-2020-HNMCR-2/5,jRDkQG-CM-041-2020-HNMCR-2,146578,Resolucion de la Adjudicacion,awardNotice,Resolucion de la Adjudicacion,application/pdf,2020-03-27T09:35:46.477000-06:00,http://h1.honducompras.gob.hn/Docs/Lic104CM-041-2020-HNMCR803-ResoluciondelaAdjudicacion.pdf
ocds-lcuori-jRDkQG-CM-042-2020-HNMCR-2,ocds-lcuori-jRDkQG-CM-042-2020-HNMCR-2/5,jRDkQG-CM-042-2020-HNMCR-2,146575,Resolucion de la Adjudicacion,awardNotice,Resolucion de la Adjudicacion,application/pdf,2020-03-27T09:26:45.553000-06:00,http://h1.honducompras.gob.hn/Docs/Lic104CM-042-2020-HNMCR803-ResoluciondelaAdjudicacion.pdf
ocds-lcuori-jRDkQG-CM-043-2020-HNMCR-2,ocds-lcuori-jRDkQG-CM-043-2020-HNMCR-2/5,jRDkQG-CM-043-2020-HNMCR-2,146573,Resolucion de la Adjudicacion,awardNotice,Resolucion de la Adjudicacion,application/pdf,2020-03-27T09:06:54.320000-06:00,http://h1.honducompras.gob.hn/Docs/Lic104CM-043-2020-HNMCR803-ResoluciondelaAdjudicacion.pdf
ocds-lcuori-jRDkQG-CM-044-2020-HNMCR-2,ocds-lcuori-jRDkQG-CM-044-2020-HNMCR-2/4,jRDkQG-CM-044-2020-HNMCR-2,146549,Resolucion de la Adjudicacion,awardNotice,Resolucion de la Adjudicacion,application/pdf,2020-03-25T15:13:51.073000-06:00,http://h1.honducompras.gob.hn/Docs/Lic104CM-044-2020-HNMCR803-ResoluciondelaAdjudicacion.pdf
ocds-lcuori-jRDkQG-CM-045-2020-HNMCR-2,ocds-lcuori-jRDkQG-CM-045-2020-HNMCR-2/5,jRDkQG-CM-045-2020-HNMCR-2,146547,Resolucion de la Adjudicacion,awardNotice,Resolucion de la Adjudicacion,application/pdf,2020-03-25T14:57:34.410000-06:00,http://h1.honducompras.gob.hn/Docs/Lic104CM-045-2020-HNMCR803-ResoluciondelaAdjudicacion.pdf
ocds-lcuori-jRDkQG-CM-046-2020-HNMCR-2,ocds-lcuori-jRDkQG-CM-046-2020-HNMCR-2/5,jRDkQG-CM-046-2020-HNMCR-2,146545,Resolucion de la Adjudicacion,awardNotice,Resolucion de la Adjudicacion,application/pdf,2020-03-25T14:32:55.523000-06:00,http://h1.honducompras.gob.hn/Docs/Lic104CM-046-2020-HNMCR803-ResoluciondelaAdjudicacion.pdf
ocds-lcuori-jRDkQG-CM-037-2020-HNMCR-2,ocds-lcuori-jRDkQG-CM-037-2020-HNMCR-2/2,jRDkQG-CM-037-2020-HNMCR-2,146028,Resolucion de la Adjudicacion,awardNotice,Resolucion de la Adjudicacion,application/pdf,2020-03-05T20:25:41.187000-06:00,http://h1.honducompras.gob.hn/Docs/Lic104CM-037-2020-HNMCR803-ResoluciondelaAdjudicacion.pdf
ocds-lcuori-1Ra0dG-CONV-GC-CMD-2020-001-2,ocds-lcuori-1Ra0dG-CONV-GC-CMD-2020-001-2/2,1Ra0dG-CONV-GC-CMD-2020-001-2,146048,Resolucion de la Adjudicacion,awardNotice,Resolucion de la Adjudicacion,image/jpeg,2020-03-06T10:48:33.237000-06:00,http://h1.honducompras.gob.hn/Docs/Lic803CONV-GC-CMD-2020-001802-ResoluciondelaAdjudicacion.jpg
ocds-lcuori-1RaMPR-SCI-PPCR-02-2020-2,ocds-lcuori-1RaMPR-SCI-PPCR-02-2020-2/4,1RaMPR-SCI-PPCR-02-2020-2,146707,Resolucion de la Adjudicacion,awardNotice,Resolucion de la Adjudicacion,application/pdf,2020-04-06T11:06:19.250000-06:00,http://h1.honducompras.gob.hn/Docs/Lic703SCI-PPCR-02-2020802-ResoluciondelaAdjudicacion.pdf
ocds-lcuori-1RaMPR-SCI-PPCR-03-2020-2,ocds-lcuori-1RaMPR-SCI-PPCR-03-2020-2/4,1RaMPR-SCI-PPCR-03-2020-2,146708,Resolucion de la Adjudicacion,awardNotice,Resolucion de la Adjudicacion,application/pdf,2020-04-06T11:07:46.060000-06:00,http://h1.honducompras.gob.hn/Docs/Lic703SCI-PPCR-03-2020802-ResoluciondelaAdjudicacion.pdf
ocds-lcuori-jRDkQG-CM-032-2020-HNMCR-2,ocds-lcuori-jRDkQG-CM-032-2020-HNMCR-2/3,jRDkQG-CM-032-2020-HNMCR-2,145166,Resolucion de la Adjudicacion,awardNotice,Resolucion de la Adjudicacion,application/pdf,2020-02-12T09:17:08.133000-06:00,http://h1.honducompras.gob.hn/Docs/Lic104CM-032-2020-HNMCR803-ResoluciondelaAdjudicacion.pdf
ocds-lcuori-4LOxWG-28-2020-2,ocds-lcuori-4LOxWG-28-2020-2/4,4LOxWG-28-2020-2,146247,Resolucion de la Adjudicacion,awardNotice,Resolucion de la Adjudicacion,application/pdf,2020-03-11T14:34:56.337000-06:00,http://h1.honducompras.gob.hn/Docs/Lic8328-2020802-ResoluciondelaAdjudicacion.pdf
ocds-lcuori-4LOxWG-29-2020-2,ocds-lcuori-4LOxWG-29-2020-2/4,4LOxWG-29-2020-2,146254,Resolucion de la Adjudicacion,awardNotice,Resolucion de la Adjudicacion,application/pdf,2020-03-11T14:46:32.163000-06:00,http://h1.honducompras.gob.hn/Docs/Lic8329-2020802-ResoluciondelaAdjudicacion.pdf
ocds-lcuori-4LOxWG-30-2020-2,ocds-lcuori-4LOxWG-30-2020-2/4,4LOxWG-30-2020-2,146251,Resolucion de la Adjudicacion,awardNotice,Resolucion de la Adjudicacion,application/pdf,2020-03-11T14:39:50.723000-06:00,http://h1.honducompras.gob.hn/Docs/Lic8330-2020802-ResoluciondelaAdjudicacion.pdf
ocds-lcuori-4LOxWG-31-2020-2,ocds-lcuori-4LOxWG-31-2020-2/4,4LOxWG-31-2020-2,146566,Resolucion de la Adjudicacion,awardNotice,Resolucion de la Adjudicacion,application/pdf,2020-03-26T09:54:33.730000-06:00,http://h1.honducompras.gob.hn/Docs/Lic8331-2020802-ResoluciondelaAdjudicacion.pdf
ocds-lcuori-4LOxWG-32-2020-2,ocds-lcuori-4LOxWG-32-2020-2/4,4LOxWG-32-2020-2,146261,Resolucion de la Adjudicacion,awardNotice,Resolucion de la Adjudicacion,application/pdf,2020-03-11T15:07:38.037000-06:00,http://h1.honducompras.gob.hn/Docs/Lic8332-2020802-ResoluciondelaAdjudicacion.pdf
ocds-lcuori-4LOxWG-33-2020-2,ocds-lcuori-4LOxWG-33-2020-2/4,4LOxWG-33-2020-2,146256,Resolucion de la Adjudicacion,awardNotice,Resolucion de la Adjudicacion,application/pdf,2020-03-11T14:52:38.917000-06:00,http://h1.honducompras.gob.hn/Docs/Lic8333-2020802-ResoluciondelaAdjudicacion.pdf
ocds-lcuori-4LOxWG-34-2020-2,ocds-lcuori-4LOxWG-34-2020-2/4,4LOxWG-34-2020-2,146258,Resolucion de la Adjudicacion,awardNotice,Resolucion de la Adjudicacion,application/pdf,2020-03-11T14:57:02.067000-06:00,http://h1.honducompras.gob.hn/Docs/Lic8334-2020802-ResoluciondelaAdjudicacion.pdf
ocds-lcuori-lRojQG-LP-01-20-2,ocds-lcuori-lRojQG-LP-01-20-2/2,lRojQG-LP-01-20-2,146035,Resolucion de la Adjudicacion,awardNotice,Resolucion de la Adjudicacion,image/jpeg,2020-03-06T08:28:53.110000-06:00,http://h1.honducompras.gob.hn/Docs/Lic645LP-01-20803-ResoluciondelaAdjudicacion.jpg
ocds-lcuori-lRojQG-LP-02-20-2,ocds-lcuori-lRojQG-LP-02-20-2/2,lRojQG-LP-02-20-2,145815,Resolucion de la Adjudicacion,awardNotice,Resolucion de la Adjudicacion,image/jpeg,2020-03-03T09:37:42.317000-06:00,http://h1.honducompras.gob.hn/Docs/Lic645LP-02-20803-ResoluciondelaAdjudicacion.jpg
ocds-lcuori-grxXEr-L.P.001-2020-2,ocds-lcuori-grxXEr-L.P.001-2020-2/3,grxXEr-L.P.001-2020-2,146217,Resolucion de la Adjudicacion,awardNotice,Resolucion de la Adjudicacion,application/pdf,2020-03-10T15:52:10.407000-06:00,http://h1.honducompras.gob.hn/Docs/Lic97L.P.001-2020802-ResoluciondelaAdjudicacion.pdf
ocds-lcuori-grxXEr-L.P. 002-2020-2,ocds-lcuori-grxXEr-L.P. 002-2020-2/2,grxXEr-L.P. 002-2020-2,146136,Resolucion de la Adjudicacion,awardNotice,Resolucion de la Adjudicacion,application/pdf,2020-03-09T14:12:36.823000-06:00,http://h1.honducompras.gob.hn/Docs/Lic97L.P.%20002-2020802-ResoluciondelaAdjudicacion.pdf
ocds-lcuori-grxXEr-L.P.004-2020-2,ocds-lcuori-grxXEr-L.P.004-2020-2/3,grxXEr-L.P.004-2020-2,146214,Resolucion de la Adjudicacion,awardNotice,Resolucion de la Adjudicacion,application/pdf,2020-03-10T15:50:07.073000-06:00,http://h1.honducompras.gob.hn/Docs/Lic97L.P.004-2020802-ResoluciondelaAdjudicacion.pdf
ocds-lcuori-grxXEr-L.P.004-2020-2,ocds-lcuori-grxXEr-L.P.004-2020-2/3,grxXEr-L.P.004-2020-2,146215,Resolucion de la Adjudicacion,awardNotice,Resolucion de la Adjudicacion,application/pdf,2020-03-10T15:50:16.607000-06:00,http://h1.honducompras.gob.hn/Docs/Lic97L.P.004-2020802-ResoluciondelaAdjudicacion.pdf
ocds-lcuori-PLe6mG-HSR-LP-007-2020-2,ocds-lcuori-PLe6mG-HSR-LP-007-2020-2/4,PLe6mG-HSR-LP-007-2020-2,146375,Resolucion de la Adjudicacion,awardNotice,Resolucion de la Adjudicacion,application/pdf,2020-03-13T12:02:46.010000-06:00,http://h1.honducompras.gob.hn/Docs/Lic85HSR-LP-007-2020802-ResoluciondelaAdjudicacion.pdf
ocds-lcuori-grxXEr-L.P.006-2020-2,ocds-lcuori-grxXEr-L.P.006-2020-2/4,grxXEr-L.P.006-2020-2,146269,Resolucion de la Adjudicacion,awardNotice,Resolucion de la Adjudicacion,application/pdf,2020-03-11T16:06:28.147000-06:00,http://h1.honducompras.gob.hn/Docs/Lic97L.P.006-2020803-ResoluciondelaAdjudicacion.pdf
ocds-lcuori-gRNDyL-002-03-2020-2,ocds-lcuori-gRNDyL-002-03-2020-2/3,gRNDyL-002-03-2020-2,146759,Resolucion de la Adjudicacion,awardNotice,Resolucion de la Adjudicacion,application/vnd.openxmlformats-officedocument.spreadsheetml.sheet,2020-04-08T09:16:15.730000-06:00,http://h1.honducompras.gob.hn/Docs/Lic74002-03-2020803-ResoluciondelaAdjudicacion.xlsx
ocds-lcuori-Er6jdr-Expresión de Interés No.PGRD-04-2020-2,ocds-lcuori-Er6jdr-Expresión de Interés No.PGRD-04-2020-2/5,Er6jdr-Expresión de Interés No.PGRD-04-2020-2,146362,Resolucion de la Adjudicacion,awardNotice,Resolucion de la Adjudicacion,application/pdf,2020-03-13T11:18:20.913000-06:00,http://h1.honducompras.gob.hn/Docs/Lic719Expresi%C3%B3n%20de%20Inter%C3%A9s%20No.PGRD-04-2020804-ResoluciondelaAdjudicacion.pdf
ocds-lcuori-4LOY7R-LP-01-2020-2,ocds-lcuori-4LOY7R-LP-01-2020-2/4,4LOY7R-LP-01-2020-2,145614,Resolucion de la Adjudicacion,awardNotice,Resolucion de la Adjudicacion,application/pdf,2020-02-25T16:53:42.170000-06:00,http://h1.honducompras.gob.hn/Docs/Lic639LP-01-2020803-ResoluciondelaAdjudicacion.pdf
ocds-lcuori-4LOY7R-LP-02-2020-2,ocds-lcuori-4LOY7R-LP-02-2020-2/3,4LOY7R-LP-02-2020-2,145616,Resolucion de la Adjudicacion,awardNotice,Resolucion de la Adjudicacion,application/pdf,2020-02-25T16:54:43.903000-06:00,http://h1.honducompras.gob.hn/Docs/Lic639LP-02-2020803-ResoluciondelaAdjudicacion.pdf
ocds-lcuori-lRo92L-LP-SESAL-HGST-001-2020-2,ocds-lcuori-lRo92L-LP-SESAL-HGST-001-2020-2/3,lRo92L-LP-SESAL-HGST-001-2020-2,146552,Resolucion de la Adjudicacion,awardNotice,Resolucion de la Adjudicacion,image/jpeg,2020-03-26T08:33:29.983000-06:00,http://h1.honducompras.gob.hn/Docs/Lic89LP-SESAL-HGST-001-2020802-ResoluciondelaAdjudicacion.jpg
ocds-lcuori-lRo92L-LP-SESAL-HGST-002-2020-2,ocds-lcuori-lRo92L-LP-SESAL-HGST-002-2020-2/3,lRo92L-LP-SESAL-HGST-002-2020-2,146554,Resolucion de la Adjudicacion,awardNotice,Resolucion de la Adjudicacion,image/jpeg,2020-03-26T09:08:41.817000-06:00,http://h1.honducompras.gob.hn/Docs/Lic89LP-SESAL-HGST-002-2020802-ResoluciondelaAdjudicacion.jpg
ocds-lcuori-lRo92L-LP-SESAL-HGST-0032020-2,ocds-lcuori-lRo92L-LP-SESAL-HGST-0032020-2/3,lRo92L-LP-SESAL-HGST-0032020-2,146556,Resolucion de la Adjudicacion,awardNotice,Resolucion de la Adjudicacion,image/jpeg,2020-03-26T09:28:56.580000-06:00,http://h1.honducompras.gob.hn/Docs/Lic89LP-SESAL-HGST-0032020802-ResoluciondelaAdjudicacion.jpg
ocds-lcuori-mrY67L-LP0109-2020-2,ocds-lcuori-mrY67L-LP0109-2020-2/2,mrY67L-LP0109-2020-2,146162,Resolucion de la Adjudicacion,awardNotice,Resolucion de la Adjudicacion,application/pdf,2020-03-09T16:47:24.737000-06:00,http://h1.honducompras.gob.hn/Docs/Lic616LP0109-2020803-ResoluciondelaAdjudicacion.pdf
ocds-lcuori-mrY67L-LP0209-2020-2,ocds-lcuori-mrY67L-LP0209-2020-2/2,mrY67L-LP0209-2020-2,146163,Resolucion de la Adjudicacion,awardNotice,Resolucion de la Adjudicacion,application/pdf,2020-03-09T16:48:22.730000-06:00,http://h1.honducompras.gob.hn/Docs/Lic616LP0209-2020803-ResoluciondelaAdjudicacion.pdf
ocds-lcuori-2LmqDL-LPrNO-02-AMDC-06-2020-2,ocds-lcuori-2LmqDL-LPrNO-02-AMDC-06-2020-2/3,2LmqDL-LPrNO-02-AMDC-06-2020-2,146071,Resolucion de la Adjudicacion,awardNotice,Resolucion de la Adjudicacion,application/pdf,2020-03-06T15:29:09.713000-06:00,http://h1.honducompras.gob.hn/Docs/Lic221LPrNO-02-AMDC-06-2020804-ResoluciondelaAdjudicacion.pdf
ocds-lcuori-1RaElR-017-2020-2,ocds-lcuori-1RaElR-017-2020-2/3,1RaElR-017-2020-2,146453,Resolucion de la Adjudicacion,awardNotice,Resolucion de la Adjudicacion,image/jpeg,2020-03-16T17:43:57.510000-06:00,http://h1.honducompras.gob.hn/Docs/Lic91017-2020807-ResoluciondelaAdjudicacion.jpg
ocds-lcuori-vGZWNR-CD-IHSS-003-2020-2,ocds-lcuori-vGZWNR-CD-IHSS-003-2020-2/3,vGZWNR-CD-IHSS-003-2020-2,145343,Resolucion de la Adjudicacion,awardNotice,Resolucion de la Adjudicacion,application/pdf,2020-02-18T10:33:56.377000-06:00,http://h1.honducompras.gob.hn/Docs/Lic117CD-IHSS-003-2020803-ResoluciondelaAdjudicacion.PDF
ocds-lcuori-1RaMPR-SCI-PPCR-01-2020 -2,ocds-lcuori-1RaMPR-SCI-PPCR-01-2020 -2/4,1RaMPR-SCI-PPCR-01-2020 -2,146706,Resolucion de la Adjudicacion,awardNotice,Resolucion de la Adjudicacion,application/pdf,2020-04-06T11:04:44.693000-06:00,http://h1.honducompras.gob.hn/Docs/Lic703SCI-PPCR-01-2020%20802-ResoluciondelaAdjudicacion.pdf
ocds-lcuori-7GX7XL-GESALUD-BID 4619-EI 002-2020-2,ocds-lcuori-7GX7XL-GESALUD-BID 4619-EI 002-2020-2/3,7GX7XL-GESALUD-BID 4619-EI 002-2020-2,146492,Resolucion de la Adjudicacion,awardNotice,Resolucion de la Adjudicacion,image/jpeg,2020-03-18T17:15:52.037000-06:00,http://h1.honducompras.gob.hn/Docs/Lic559GESALUD-BID%204619-EI%20002-2020805-ResoluciondelaAdjudicacion.jpg
