ocid,id,tender/id,tender/participationFees/0/id,tender/participationFees/0/type,tender/participationFees/0/value/amount
ocds-lcuori-2LmqDL-LPuNBS-05-AMDC-14-2020-2,ocds-lcuori-2LmqDL-LPuNBS-05-AMDC-14-2020-2/1,2LmqDL-LPuNBS-05-AMDC-14-2020-2,2LmqDL-LPuNBS-05-AMDC-14-2020-2,document,500.0
ocds-lcuori-2LmqDL-LPuNO-01-AMDC-16-2020-2,ocds-lcuori-2LmqDL-LPuNO-01-AMDC-16-2020-2/2,2LmqDL-LPuNO-01-AMDC-16-2020-2,2LmqDL-LPuNO-01-AMDC-16-2020-2,document,500.0
ocds-lcuori-kR0qDr-LPN-007-2019-2,ocds-lcuori-kR0qDr-LPN-007-2019-2/1,kR0qDr-LPN-007-2019-2,kR0qDr-LPN-007-2019-2,document,500.0
ocds-lcuori-gRN9jG-LPN SS FAHSL 003 2020-2,ocds-lcuori-gRN9jG-LPN SS FAHSL 003 2020-2/1,gRN9jG-LPN SS FAHSL 003 2020-2,gRN9jG-LPN SS FAHSL 003 2020-2,document,300.0
ocds-lcuori-orvkNL-LPN No.11-2020-SEAF-UNAH-2,ocds-lcuori-orvkNL-LPN No.11-2020-SEAF-UNAH-2/2,orvkNL-LPN No.11-2020-SEAF-UNAH-2,orvkNL-LPN No.11-2020-SEAF-UNAH-2,document,500.0
ocds-lcuori-2Lmz0G-LPN-001-2020-2,ocds-lcuori-2Lmz0G-LPN-001-2020-2/2,2Lmz0G-LPN-001-2020-2,2Lmz0G-LPN-001-2020-2,document,500.0
ocds-lcuori-2Lmz0G-LPN-002-2020-2,ocds-lcuori-2Lmz0G-LPN-002-2020-2/2,2Lmz0G-LPN-002-2020-2,2Lmz0G-LPN-002-2020-2,document,500.0
ocds-lcuori-vGZ5wL-001-PPBH2020-ICE-2020-2,ocds-lcuori-vGZ5wL-001-PPBH2020-ICE-2020-2/3,vGZ5wL-001-PPBH2020-ICE-2020-2,vGZ5wL-001-PPBH2020-ICE-2020-2,document,500.0
ocds-lcuori-JLKnxr-LPN-01/2019-2,ocds-lcuori-JLKnxr-LPN-01/2019-2/2,JLKnxr-LPN-01/2019-2,JLKnxr-LPN-01/2019-2,document,1000.0
ocds-lcuori-Zr5B9L-LPN 008-2019-SS-2,ocds-lcuori-Zr5B9L-LPN 008-2019-SS-2/4,Zr5B9L-LPN 008-2019-SS-2,Zr5B9L-LPN 008-2019-SS-2,document,500.0
ocds-lcuori-MLQPmr-LPN-PGR-001-2020-2,ocds-lcuori-MLQPmr-LPN-PGR-001-2020-2/3,MLQPmr-LPN-PGR-001-2020-2,MLQPmr-LPN-PGR-001-2020-2,document,500.0
ocds-lcuori-2LmqDL-LPuNBS-04-AMDC-11-2020-2,ocds-lcuori-2LmqDL-LPuNBS-04-AMDC-11-2020-2/2,2LmqDL-LPuNBS-04-AMDC-11-2020-2,2LmqDL-LPuNBS-04-AMDC-11-2020-2,document,500.0
ocds-lcuori-0rwyzG-MSPS-GI-04-2020-2,ocds-lcuori-0rwyzG-MSPS-GI-04-2020-2/3,0rwyzG-MSPS-GI-04-2020-2,0rwyzG-MSPS-GI-04-2020-2,document,2500.0
ocds-lcuori-gRN9jG-LPN 002 2020-2,ocds-lcuori-gRN9jG-LPN 002 2020-2/2,gRN9jG-LPN 002 2020-2,gRN9jG-LPN 002 2020-2,document,300.0
ocds-lcuori-oLj5br-LPN-2020-001-2,ocds-lcuori-oLj5br-LPN-2020-001-2/1,oLj5br-LPN-2020-001-2,oLj5br-LPN-2020-001-2,document,50.0
ocds-lcuori-orveZR-LP-RDC-02-2020-2,ocds-lcuori-orveZR-LP-RDC-02-2020-2/1,orveZR-LP-RDC-02-2020-2,orveZR-LP-RDC-02-2020-2,document,600000.0
ocds-lcuori-vGZWNR-LPN-002-2020-2,ocds-lcuori-vGZWNR-LPN-002-2020-2/1,vGZWNR-LPN-002-2020-2,vGZWNR-LPN-002-2020-2,document,300.0
ocds-lcuori-orvkNL-LPN No.31-2019-SEAF-UNAH-2,ocds-lcuori-orvkNL-LPN No.31-2019-SEAF-UNAH-2/2,orvkNL-LPN No.31-2019-SEAF-UNAH-2,orvkNL-LPN No.31-2019-SEAF-UNAH-2,document,500.0
ocds-lcuori-7rBxpG-LPública No.08-2020-2,ocds-lcuori-7rBxpG-LPública No.08-2020-2/3,7rBxpG-LPública No.08-2020-2,7rBxpG-LPública No.08-2020-2,document,200.0
ocds-lcuori-MLQ18L-HBCBH-01-2020-2,ocds-lcuori-MLQ18L-HBCBH-01-2020-2/1,MLQ18L-HBCBH-01-2020-2,MLQ18L-HBCBH-01-2020-2,document,200.0
ocds-lcuori-4LOpdG-LPN-NO.008-2020-RNP-2,ocds-lcuori-4LOpdG-LPN-NO.008-2020-RNP-2/1,4LOpdG-LPN-NO.008-2020-RNP-2,4LOpdG-LPN-NO.008-2020-RNP-2,document,200.0
ocds-lcuori-4LOpdG-LPN-NO.009-2020-RNP-2,ocds-lcuori-4LOpdG-LPN-NO.009-2020-RNP-2/1,4LOpdG-LPN-NO.009-2020-RNP-2,4LOpdG-LPN-NO.009-2020-RNP-2,document,200.0
ocds-lcuori-ERpngL-001-2020-2,ocds-lcuori-ERpngL-001-2020-2/3,ERpngL-001-2020-2,ERpngL-001-2020-2,document,350502.33
ocds-lcuori-ERpngL-LP-002-2020-2,ocds-lcuori-ERpngL-LP-002-2020-2/3,ERpngL-LP-002-2020-2,ERpngL-LP-002-2020-2,document,609996.5
ocds-lcuori-Zr5B9L-LPN No.010-2019-ss-2,ocds-lcuori-Zr5B9L-LPN No.010-2019-ss-2/5,Zr5B9L-LPN No.010-2019-ss-2,Zr5B9L-LPN No.010-2019-ss-2,document,500.0
ocds-lcuori-vGZ5wL-002-PPBH2020-ICE-2020-2,ocds-lcuori-vGZ5wL-002-PPBH2020-ICE-2020-2/3,vGZ5wL-002-PPBH2020-ICE-2020-2,vGZ5wL-002-PPBH2020-ICE-2020-2,document,500.0
ocds-lcuori-kR0qDr-LPN-07-2019-2,ocds-lcuori-kR0qDr-LPN-07-2019-2/2,kR0qDr-LPN-07-2019-2,kR0qDr-LPN-07-2019-2,document,500.0
ocds-lcuori-2LmqDL-LPuNO-02-AMDC-18-2020-2,ocds-lcuori-2LmqDL-LPuNO-02-AMDC-18-2020-2/1,2LmqDL-LPuNO-02-AMDC-18-2020-2,2LmqDL-LPuNO-02-AMDC-18-2020-2,document,500.0
ocds-lcuori-2Lm5KL-Calle Mammey lane-2,ocds-lcuori-2Lm5KL-Calle Mammey lane-2/1,2Lm5KL-Calle Mammey lane-2,2Lm5KL-Calle Mammey lane-2,document,200.0
ocds-lcuori-2LmqDL-CPuNO-09-AMDC-17-2020-2,ocds-lcuori-2LmqDL-CPuNO-09-AMDC-17-2020-2/1,2LmqDL-CPuNO-09-AMDC-17-2020-2,2LmqDL-CPuNO-09-AMDC-17-2020-2,document,500.0
ocds-lcuori-2LmqDL-CPuNO-10-AMDC-19-2020-2,ocds-lcuori-2LmqDL-CPuNO-10-AMDC-19-2020-2/1,2LmqDL-CPuNO-10-AMDC-19-2020-2,2LmqDL-CPuNO-10-AMDC-19-2020-2,document,500.0
ocds-lcuori-7GXa9R-LPN-003-2020-SND-2,ocds-lcuori-7GXa9R-LPN-003-2020-SND-2/3,7GXa9R-LPN-003-2020-SND-2,7GXa9R-LPN-003-2020-SND-2,document,500.0
ocds-lcuori-7rBxpG-LPública No.10-2020-2,ocds-lcuori-7rBxpG-LPública No.10-2020-2/2,7rBxpG-LPública No.10-2020-2,7rBxpG-LPública No.10-2020-2,document,200.0
ocds-lcuori-0rwyzG-MSPS-GI-05-2020-2,ocds-lcuori-0rwyzG-MSPS-GI-05-2020-2/1,0rwyzG-MSPS-GI-05-2020-2,0rwyzG-MSPS-GI-05-2020-2,document,2500.0
ocds-lcuori-7rBxpG-Lpública No. 11-2020-2,ocds-lcuori-7rBxpG-Lpública No. 11-2020-2/2,7rBxpG-Lpública No. 11-2020-2,7rBxpG-Lpública No. 11-2020-2,document,200.0
ocds-lcuori-2LmqDL-COT-01-AMDC-20-2020-2,ocds-lcuori-2LmqDL-COT-01-AMDC-20-2020-2/1,2LmqDL-COT-01-AMDC-20-2020-2,2LmqDL-COT-01-AMDC-20-2020-2,document,200.0
ocds-lcuori-DL9YoL-LPN-01-2020-FAHM-2,ocds-lcuori-DL9YoL-LPN-01-2020-FAHM-2/1,DL9YoL-LPN-01-2020-FAHM-2,DL9YoL-LPN-01-2020-FAHM-2,document,500.0
ocds-lcuori-DL9YoL-LPN-02-2020-FAHM-2,ocds-lcuori-DL9YoL-LPN-02-2020-FAHM-2/1,DL9YoL-LPN-02-2020-FAHM-2,DL9YoL-LPN-02-2020-FAHM-2,document,500.0
ocds-lcuori-kG1ger-LPN-ENP-01-2020-2,ocds-lcuori-kG1ger-LPN-ENP-01-2020-2/2,kG1ger-LPN-ENP-01-2020-2,kG1ger-LPN-ENP-01-2020-2,document,500.0
ocds-lcuori-7rBxpG-CPúblico No.02-2020-2,ocds-lcuori-7rBxpG-CPúblico No.02-2020-2/2,7rBxpG-CPúblico No.02-2020-2,7rBxpG-CPúblico No.02-2020-2,document,200.0
ocds-lcuori-7rBxpG-LPública No.40-2019-2,ocds-lcuori-7rBxpG-LPública No.40-2019-2/4,7rBxpG-LPública No.40-2019-2,7rBxpG-LPública No.40-2019-2,document,200.0
ocds-lcuori-7rBxpG-LPública No.42-2019-2,ocds-lcuori-7rBxpG-LPública No.42-2019-2/6,7rBxpG-LPública No.42-2019-2,7rBxpG-LPública No.42-2019-2,document,200.0
ocds-lcuori-1RaEMR-HJMG-LP-002-2020-2,ocds-lcuori-1RaEMR-HJMG-LP-002-2020-2/5,1RaEMR-HJMG-LP-002-2020-2,1RaEMR-HJMG-LP-002-2020-2,document,500.0
ocds-lcuori-1RaEMR-HJMG-LP-003-2020-2,ocds-lcuori-1RaEMR-HJMG-LP-003-2020-2/3,1RaEMR-HJMG-LP-003-2020-2,1RaEMR-HJMG-LP-003-2020-2,document,500.0
ocds-lcuori-1RaEMR-HJMG-LP-004-2020-2,ocds-lcuori-1RaEMR-HJMG-LP-004-2020-2/3,1RaEMR-HJMG-LP-004-2020-2,1RaEMR-HJMG-LP-004-2020-2,document,500.0
ocds-lcuori-1RaEMR-HJMG-LP-005-2020 -2,ocds-lcuori-1RaEMR-HJMG-LP-005-2020 -2/3,1RaEMR-HJMG-LP-005-2020 -2,1RaEMR-HJMG-LP-005-2020 -2,document,500.0
ocds-lcuori-1RaEMR-HJMG-LP-006-2020 -2,ocds-lcuori-1RaEMR-HJMG-LP-006-2020 -2/4,1RaEMR-HJMG-LP-006-2020 -2,1RaEMR-HJMG-LP-006-2020 -2,document,500.0
ocds-lcuori-1RaEMR-HJMG-LP-007-2020-2,ocds-lcuori-1RaEMR-HJMG-LP-007-2020-2/3,1RaEMR-HJMG-LP-007-2020-2,1RaEMR-HJMG-LP-007-2020-2,document,500.0
ocds-lcuori-mrY1dr-LPN-SEDS-035-2019-2,ocds-lcuori-mrY1dr-LPN-SEDS-035-2019-2/2,mrY1dr-LPN-SEDS-035-2019-2,mrY1dr-LPN-SEDS-035-2019-2,document,300.0
ocds-lcuori-mrY1dr-LPN-SEDS-036-2019-2,ocds-lcuori-mrY1dr-LPN-SEDS-036-2019-2/2,mrY1dr-LPN-SEDS-036-2019-2,mrY1dr-LPN-SEDS-036-2019-2,document,300.0
ocds-lcuori-mrY1dr-LPN-SEDS-037-2019-2,ocds-lcuori-mrY1dr-LPN-SEDS-037-2019-2/2,mrY1dr-LPN-SEDS-037-2019-2,mrY1dr-LPN-SEDS-037-2019-2,document,300.0
ocds-lcuori-mrY1dr-LPN-SEDS-007-2019-2,ocds-lcuori-mrY1dr-LPN-SEDS-007-2019-2/2,mrY1dr-LPN-SEDS-007-2019-2,mrY1dr-LPN-SEDS-007-2019-2,document,300.0
ocds-lcuori-mrY1dr-LPN-SEDS-034-2019-2,ocds-lcuori-mrY1dr-LPN-SEDS-034-2019-2/2,mrY1dr-LPN-SEDS-034-2019-2,mrY1dr-LPN-SEDS-034-2019-2,document,300.0
ocds-lcuori-mrY1dr-LPN-SEDS-028-2019-2,ocds-lcuori-mrY1dr-LPN-SEDS-028-2019-2/2,mrY1dr-LPN-SEDS-028-2019-2,mrY1dr-LPN-SEDS-028-2019-2,document,300.0
ocds-lcuori-2Lm85r-LPN-09-2019-2,ocds-lcuori-2Lm85r-LPN-09-2019-2/3,2Lm85r-LPN-09-2019-2,2Lm85r-LPN-09-2019-2,document,500.0
ocds-lcuori-2Lm85r-LPN-012-2019-2,ocds-lcuori-2Lm85r-LPN-012-2019-2/5,2Lm85r-LPN-012-2019-2,2Lm85r-LPN-012-2019-2,document,1000.0
ocds-lcuori-2Lm85r-LPN-015-2019-2,ocds-lcuori-2Lm85r-LPN-015-2019-2/5,2Lm85r-LPN-015-2019-2,2Lm85r-LPN-015-2019-2,document,1000.0
ocds-lcuori-orvkNL-LPN No.01-2020-SEAF-UNAH-2,ocds-lcuori-orvkNL-LPN No.01-2020-SEAF-UNAH-2/3,orvkNL-LPN No.01-2020-SEAF-UNAH-2,orvkNL-LPN No.01-2020-SEAF-UNAH-2,document,500.0
ocds-lcuori-2Lm85r-LPN-013-2019-2,ocds-lcuori-2Lm85r-LPN-013-2019-2/4,2Lm85r-LPN-013-2019-2,2Lm85r-LPN-013-2019-2,document,500.0
ocds-lcuori-ZGqbBR-LPN-MPC-GAF-01-2020-2,ocds-lcuori-ZGqbBR-LPN-MPC-GAF-01-2020-2/5,ZGqbBR-LPN-MPC-GAF-01-2020-2,ZGqbBR-LPN-MPC-GAF-01-2020-2,document,500.0
ocds-lcuori-orvkNL-LPN No.33-2019-SEAF-UNAH-2,ocds-lcuori-orvkNL-LPN No.33-2019-SEAF-UNAH-2/4,orvkNL-LPN No.33-2019-SEAF-UNAH-2,orvkNL-LPN No.33-2019-SEAF-UNAH-2,document,500.0
ocds-lcuori-7GX4eG-LPN-INE-FN-001-2020-2,ocds-lcuori-7GX4eG-LPN-INE-FN-001-2020-2/3,7GX4eG-LPN-INE-FN-001-2020-2,7GX4eG-LPN-INE-FN-001-2020-2,document,400.0
ocds-lcuori-mrY1dr-CPN-SEDS-002-2019-2,ocds-lcuori-mrY1dr-CPN-SEDS-002-2019-2/2,mrY1dr-CPN-SEDS-002-2019-2,mrY1dr-CPN-SEDS-002-2019-2,document,300.0
ocds-lcuori-orvkNL-LPN No.27-2019-SEAF-UNAH-2,ocds-lcuori-orvkNL-LPN No.27-2019-SEAF-UNAH-2/3,orvkNL-LPN No.27-2019-SEAF-UNAH-2,orvkNL-LPN No.27-2019-SEAF-UNAH-2,document,500.0
ocds-lcuori-mrY1dr-LPN-SEDS-029-2019-2,ocds-lcuori-mrY1dr-LPN-SEDS-029-2019-2/2,mrY1dr-LPN-SEDS-029-2019-2,mrY1dr-LPN-SEDS-029-2019-2,document,300.0
ocds-lcuori-7rBxpG-LPública No.41-2019-2,ocds-lcuori-7rBxpG-LPública No.41-2019-2/7,7rBxpG-LPública No.41-2019-2,7rBxpG-LPública No.41-2019-2,document,200.0
ocds-lcuori-2LmXXr-LPN-IHCIETI-01-2020-2,ocds-lcuori-2LmXXr-LPN-IHCIETI-01-2020-2/6,2LmXXr-LPN-IHCIETI-01-2020-2,2LmXXr-LPN-IHCIETI-01-2020-2,document,500.0
ocds-lcuori-2LmXXr-LPN-IHCIETI-02-2020-2,ocds-lcuori-2LmXXr-LPN-IHCIETI-02-2020-2/5,2LmXXr-LPN-IHCIETI-02-2020-2,2LmXXr-LPN-IHCIETI-02-2020-2,document,500.0
ocds-lcuori-2LmKVR-LPN-001-2020-INAMI-2,ocds-lcuori-2LmKVR-LPN-001-2020-INAMI-2/3,2LmKVR-LPN-001-2020-INAMI-2,2LmKVR-LPN-001-2020-INAMI-2,document,200.0
ocds-lcuori-Er6yOR-LPN-AMG-2019-001-2,ocds-lcuori-Er6yOR-LPN-AMG-2019-001-2/2,Er6yOR-LPN-AMG-2019-001-2,Er6yOR-LPN-AMG-2019-001-2,document,500.0
ocds-lcuori-PGJALo-LPN-100-016-2019-2,ocds-lcuori-PGJALo-LPN-100-016-2019-2/7,PGJALo-LPN-100-016-2019-2,PGJALo-LPN-100-016-2019-2,document,500.0
ocds-lcuori-vGZWNR-LPN-029-2019-2,ocds-lcuori-vGZWNR-LPN-029-2019-2/5,vGZWNR-LPN-029-2019-2,vGZWNR-LPN-029-2019-2,document,300.0
ocds-lcuori-mrY1dr-LPN-SEDS-030-2019-2,ocds-lcuori-mrY1dr-LPN-SEDS-030-2019-2/2,mrY1dr-LPN-SEDS-030-2019-2,mrY1dr-LPN-SEDS-030-2019-2,document,300.0
ocds-lcuori-mrY1dr-LPN-SEDS-031-2019-2,ocds-lcuori-mrY1dr-LPN-SEDS-031-2019-2/2,mrY1dr-LPN-SEDS-031-2019-2,mrY1dr-LPN-SEDS-031-2019-2,document,300.0
ocds-lcuori-mrY1dr-LPN-SEDS-032-2019-2,ocds-lcuori-mrY1dr-LPN-SEDS-032-2019-2/2,mrY1dr-LPN-SEDS-032-2019-2,mrY1dr-LPN-SEDS-032-2019-2,document,300.0
ocds-lcuori-gLn2nL-LPN-CP-005-2019-2,ocds-lcuori-gLn2nL-LPN-CP-005-2019-2/4,gLn2nL-LPN-CP-005-2019-2,gLn2nL-LPN-CP-005-2019-2,document,500.0
ocds-lcuori-7rBxpG-LPública No.39-2019-2,ocds-lcuori-7rBxpG-LPública No.39-2019-2/4,7rBxpG-LPública No.39-2019-2,7rBxpG-LPública No.39-2019-2,document,200.0
ocds-lcuori-kR0k5G-LP-01-STCNE-2020-2,ocds-lcuori-kR0k5G-LP-01-STCNE-2020-2/3,kR0k5G-LP-01-STCNE-2020-2,kR0k5G-LP-01-STCNE-2020-2,document,384000.0
ocds-lcuori-vGZWNR-LPN-006-2020-2,ocds-lcuori-vGZWNR-LPN-006-2020-2/3,vGZWNR-LPN-006-2020-2,vGZWNR-LPN-006-2020-2,document,300.0
ocds-lcuori-0rwyzG-MSPS-GI-02-2020-2,ocds-lcuori-0rwyzG-MSPS-GI-02-2020-2/4,0rwyzG-MSPS-GI-02-2020-2,0rwyzG-MSPS-GI-02-2020-2,document,2500.0
ocds-lcuori-0rwyzG-MSPS-GI-03-2020-2,ocds-lcuori-0rwyzG-MSPS-GI-03-2020-2/3,0rwyzG-MSPS-GI-03-2020-2,0rwyzG-MSPS-GI-03-2020-2,document,2500.0
ocds-lcuori-0rwyzG-MSPS-GT-01-2020-2,ocds-lcuori-0rwyzG-MSPS-GT-01-2020-2/3,0rwyzG-MSPS-GT-01-2020-2,0rwyzG-MSPS-GT-01-2020-2,document,2500.0
ocds-lcuori-vGZWNR-LPN-003-2020-2,ocds-lcuori-vGZWNR-LPN-003-2020-2/2,vGZWNR-LPN-003-2020-2,vGZWNR-LPN-003-2020-2,document,300.0
ocds-lcuori-Zr5B9L-LPN 007-2019-SS-2,ocds-lcuori-Zr5B9L-LPN 007-2019-SS-2/5,Zr5B9L-LPN 007-2019-SS-2,Zr5B9L-LPN 007-2019-SS-2,document,500.0
ocds-lcuori-0rwyzG-MSPS-GI-12-2019-2,ocds-lcuori-0rwyzG-MSPS-GI-12-2019-2/3,0rwyzG-MSPS-GI-12-2019-2,0rwyzG-MSPS-GI-12-2019-2,document,2500.0
ocds-lcuori-0rwyzG-MSPS-GI-01-2020-2,ocds-lcuori-0rwyzG-MSPS-GI-01-2020-2/3,0rwyzG-MSPS-GI-01-2020-2,0rwyzG-MSPS-GI-01-2020-2,document,2500.0
ocds-lcuori-7GX4eG-LPN-INE-FN-002-2020-2,ocds-lcuori-7GX4eG-LPN-INE-FN-002-2020-2/3,7GX4eG-LPN-INE-FN-002-2020-2,7GX4eG-LPN-INE-FN-002-2020-2,document,400.0
ocds-lcuori-7GX4eG-LPN-INE-FN-003-2020-2,ocds-lcuori-7GX4eG-LPN-INE-FN-003-2020-2/3,7GX4eG-LPN-INE-FN-003-2020-2,7GX4eG-LPN-INE-FN-003-2020-2,document,400.0
ocds-lcuori-PGJALo-LPN-100-025-2019-2,ocds-lcuori-PGJALo-LPN-100-025-2019-2/6,PGJALo-LPN-100-025-2019-2,PGJALo-LPN-100-025-2019-2,document,500.0
ocds-lcuori-1RaEMR-LP-HJMG-008-2020-2,ocds-lcuori-1RaEMR-LP-HJMG-008-2020-2/3,1RaEMR-LP-HJMG-008-2020-2,1RaEMR-LP-HJMG-008-2020-2,document,500.0
ocds-lcuori-orvkNL-LPN No.39-2019-SEAF-UNAH-2,ocds-lcuori-orvkNL-LPN No.39-2019-SEAF-UNAH-2/3,orvkNL-LPN No.39-2019-SEAF-UNAH-2,orvkNL-LPN No.39-2019-SEAF-UNAH-2,document,500.0
ocds-lcuori-MrMPYR-LPN-CNBS-01-2020-2,ocds-lcuori-MrMPYR-LPN-CNBS-01-2020-2/4,MrMPYR-LPN-CNBS-01-2020-2,MrMPYR-LPN-CNBS-01-2020-2,document,200.0
ocds-lcuori-MrMPYR-LPN-CNBS-02-2020-2,ocds-lcuori-MrMPYR-LPN-CNBS-02-2020-2/3,MrMPYR-LPN-CNBS-02-2020-2,MrMPYR-LPN-CNBS-02-2020-2,document,200.0
ocds-lcuori-1Ra6lr-No. LP-CENET-M-001-2020-2,ocds-lcuori-1Ra6lr-No. LP-CENET-M-001-2020-2/3,1Ra6lr-No. LP-CENET-M-001-2020-2,1Ra6lr-No. LP-CENET-M-001-2020-2,document,36.8
ocds-lcuori-orvkNL-LPN No.02-2020-SEAF-UNAH-2,ocds-lcuori-orvkNL-LPN No.02-2020-SEAF-UNAH-2/3,orvkNL-LPN No.02-2020-SEAF-UNAH-2,orvkNL-LPN No.02-2020-SEAF-UNAH-2,document,500.0
ocds-lcuori-orvkNL-LPN No.10-2019-SEAF-UNAH-2,ocds-lcuori-orvkNL-LPN No.10-2019-SEAF-UNAH-2/3,orvkNL-LPN No.10-2019-SEAF-UNAH-2,orvkNL-LPN No.10-2019-SEAF-UNAH-2,document,500.0
ocds-lcuori-2LmqDL-LPuNBS-01-AMDC-01-2020-2,ocds-lcuori-2LmqDL-LPuNBS-01-AMDC-01-2020-2/3,2LmqDL-LPuNBS-01-AMDC-01-2020-2,2LmqDL-LPuNBS-01-AMDC-01-2020-2,document,500.0
ocds-lcuori-2LmqDL-LPrNO-01-AMDC-03-2020-2,ocds-lcuori-2LmqDL-LPrNO-01-AMDC-03-2020-2/3,2LmqDL-LPrNO-01-AMDC-03-2020-2,2LmqDL-LPrNO-01-AMDC-03-2020-2,document,200.0
ocds-lcuori-wrVwAL-LPN-MUNINAC-02-2020-2,ocds-lcuori-wrVwAL-LPN-MUNINAC-02-2020-2/3,wrVwAL-LPN-MUNINAC-02-2020-2,wrVwAL-LPN-MUNINAC-02-2020-2,document,1.0
ocds-lcuori-orvkNL-LPN No.32-2019-SEAF-UNAH-2,ocds-lcuori-orvkNL-LPN No.32-2019-SEAF-UNAH-2/3,orvkNL-LPN No.32-2019-SEAF-UNAH-2,orvkNL-LPN No.32-2019-SEAF-UNAH-2,document,500.0
ocds-lcuori-1RaEMR-HJMG-LP-001-2020-2,ocds-lcuori-1RaEMR-HJMG-LP-001-2020-2/4,1RaEMR-HJMG-LP-001-2020-2,1RaEMR-HJMG-LP-001-2020-2,document,500.0
ocds-lcuori-gLn2nL-LPN-CP-001-2020-2,ocds-lcuori-gLn2nL-LPN-CP-001-2020-2/3,gLn2nL-LPN-CP-001-2020-2,gLn2nL-LPN-CP-001-2020-2,document,500.0
ocds-lcuori-7rBxpG-LPúblicaNo.05-2020-2,ocds-lcuori-7rBxpG-LPúblicaNo.05-2020-2/5,7rBxpG-LPúblicaNo.05-2020-2,7rBxpG-LPúblicaNo.05-2020-2,document,200.0
ocds-lcuori-7rBxpG-LPública No.07-2020-2,ocds-lcuori-7rBxpG-LPública No.07-2020-2/5,7rBxpG-LPública No.07-2020-2,7rBxpG-LPública No.07-2020-2,document,200.0
ocds-lcuori-ZGqbBR-LPN-MPC-GT-01-2020-2,ocds-lcuori-ZGqbBR-LPN-MPC-GT-01-2020-2/4,ZGqbBR-LPN-MPC-GT-01-2020-2,ZGqbBR-LPN-MPC-GT-01-2020-2,document,500.0
ocds-lcuori-2LmqDL-CPuNO-07-AMDC-13-2020-2,ocds-lcuori-2LmqDL-CPuNO-07-AMDC-13-2020-2/3,2LmqDL-CPuNO-07-AMDC-13-2020-2,2LmqDL-CPuNO-07-AMDC-13-2020-2,document,500.0
ocds-lcuori-7rBxpG-LPública No.02-2020-2,ocds-lcuori-7rBxpG-LPública No.02-2020-2/5,7rBxpG-LPública No.02-2020-2,7rBxpG-LPública No.02-2020-2,document,200.0
ocds-lcuori-orvkNL-LPN No.35-2019-SEAF-UNAH-2,ocds-lcuori-orvkNL-LPN No.35-2019-SEAF-UNAH-2/3,orvkNL-LPN No.35-2019-SEAF-UNAH-2,orvkNL-LPN No.35-2019-SEAF-UNAH-2,document,500.0
ocds-lcuori-gLkXWG-LPUB-017-PIHSESAL-2020-2,ocds-lcuori-gLkXWG-LPUB-017-PIHSESAL-2020-2/2,gLkXWG-LPUB-017-PIHSESAL-2020-2,gLkXWG-LPUB-017-PIHSESAL-2020-2,document,2180843.05
ocds-lcuori-gLkXWG-LPUB-018-PIHSESAL-2020-2,ocds-lcuori-gLkXWG-LPUB-018-PIHSESAL-2020-2/2,gLkXWG-LPUB-018-PIHSESAL-2020-2,gLkXWG-LPUB-018-PIHSESAL-2020-2,document,328234.4
ocds-lcuori-PR847R-ICF-GA-LPN-001-2020-2,ocds-lcuori-PR847R-ICF-GA-LPN-001-2020-2/6,PR847R-ICF-GA-LPN-001-2020-2,PR847R-ICF-GA-LPN-001-2020-2,document,500.0
ocds-lcuori-PR847R-ICF-GA-LPN-002-2020-2,ocds-lcuori-PR847R-ICF-GA-LPN-002-2020-2/6,PR847R-ICF-GA-LPN-002-2020-2,PR847R-ICF-GA-LPN-002-2020-2,document,500.0
ocds-lcuori-vGZWNR-LPN-004-2020-2,ocds-lcuori-vGZWNR-LPN-004-2020-2/5,vGZWNR-LPN-004-2020-2,vGZWNR-LPN-004-2020-2,document,300.0
ocds-lcuori-7rBxpG-LPública No.01-2020-2,ocds-lcuori-7rBxpG-LPública No.01-2020-2/4,7rBxpG-LPública No.01-2020-2,7rBxpG-LPública No.01-2020-2,document,200.0
ocds-lcuori-7rBxpG-LPública No.04-2020-2,ocds-lcuori-7rBxpG-LPública No.04-2020-2/4,7rBxpG-LPública No.04-2020-2,7rBxpG-LPública No.04-2020-2,document,200.0
ocds-lcuori-WRz0xL-LPN-SAR-001-2020-2,ocds-lcuori-WRz0xL-LPN-SAR-001-2020-2/2,WRz0xL-LPN-SAR-001-2020-2,WRz0xL-LPN-SAR-001-2020-2,document,500.0
ocds-lcuori-ZGqbBR-LPN-MPC-GT-02-2020-2,ocds-lcuori-ZGqbBR-LPN-MPC-GT-02-2020-2/4,ZGqbBR-LPN-MPC-GT-02-2020-2,ZGqbBR-LPN-MPC-GT-02-2020-2,document,500.0
ocds-lcuori-orveZR-lp-rdc-01-2020-2,ocds-lcuori-orveZR-lp-rdc-01-2020-2/2,orveZR-lp-rdc-01-2020-2,orveZR-lp-rdc-01-2020-2,document,300000.0
ocds-lcuori-7rBxpG-CPrivado No.01-2020-2,ocds-lcuori-7rBxpG-CPrivado No.01-2020-2/3,7rBxpG-CPrivado No.01-2020-2,7rBxpG-CPrivado No.01-2020-2,document,200.0
ocds-lcuori-mGEMGM-LPN-SEFIN-013-2019-2,ocds-lcuori-mGEMGM-LPN-SEFIN-013-2019-2/2,mGEMGM-LPN-SEFIN-013-2019-2,mGEMGM-LPN-SEFIN-013-2019-2,document,200.0
ocds-lcuori-0rwm9G-LPN-01-2020-2,ocds-lcuori-0rwm9G-LPN-01-2020-2/2,0rwm9G-LPN-01-2020-2,0rwm9G-LPN-01-2020-2,document,300.0
ocds-lcuori-vGZ5wL-001-PPBH20/20-ICE/2020-2,ocds-lcuori-vGZ5wL-001-PPBH20/20-ICE/2020-2/2,vGZ5wL-001-PPBH20/20-ICE/2020-2,vGZ5wL-001-PPBH20/20-ICE/2020-2,document,300.0
"ocds-lcuori-vGZ5wL-001-PPBH2020-ICE-2020, -2","ocds-lcuori-vGZ5wL-001-PPBH2020-ICE-2020, -2/6","vGZ5wL-001-PPBH2020-ICE-2020, -2","vGZ5wL-001-PPBH2020-ICE-2020, -2",document,300.0
"ocds-lcuori-vGZ5wL-. 002-PPBH2020-ICE2020, -2","ocds-lcuori-vGZ5wL-. 002-PPBH2020-ICE2020, -2/5","vGZ5wL-. 002-PPBH2020-ICE2020, -2","vGZ5wL-. 002-PPBH2020-ICE2020, -2",document,500.0
ocds-lcuori-XRb4KL-UAP-IP-001-2020-2,ocds-lcuori-XRb4KL-UAP-IP-001-2020-2/4,XRb4KL-UAP-IP-001-2020-2,XRb4KL-UAP-IP-001-2020-2,document,1000.0
ocds-lcuori-vGZWNR-LPN-011-2020-2,ocds-lcuori-vGZWNR-LPN-011-2020-2/2,vGZWNR-LPN-011-2020-2,vGZWNR-LPN-011-2020-2,document,300.0
ocds-lcuori-7rBxpG-LPública No.06-2020-2,ocds-lcuori-7rBxpG-LPública No.06-2020-2/5,7rBxpG-LPública No.06-2020-2,7rBxpG-LPública No.06-2020-2,document,200.0
ocds-lcuori-4LOpdG-LPN-NO.01-2020-RNP-2,ocds-lcuori-4LOpdG-LPN-NO.01-2020-RNP-2/4,4LOpdG-LPN-NO.01-2020-RNP-2,4LOpdG-LPN-NO.01-2020-RNP-2,document,200.0
ocds-lcuori-ZGqbBR-LPN-MPC-GT-03-2020-2,ocds-lcuori-ZGqbBR-LPN-MPC-GT-03-2020-2/5,ZGqbBR-LPN-MPC-GT-03-2020-2,ZGqbBR-LPN-MPC-GT-03-2020-2,document,500.0
ocds-lcuori-2LmqDL-CPuN-01-AMDC-UMAPS-01-2020-2,ocds-lcuori-2LmqDL-CPuN-01-AMDC-UMAPS-01-2020-2/2,2LmqDL-CPuN-01-AMDC-UMAPS-01-2020-2,2LmqDL-CPuN-01-AMDC-UMAPS-01-2020-2,document,500.0
ocds-lcuori-lRo92L-LP-SESAL-HGST-001-2020-2,ocds-lcuori-lRo92L-LP-SESAL-HGST-001-2020-2/3,lRo92L-LP-SESAL-HGST-001-2020-2,lRo92L-LP-SESAL-HGST-001-2020-2,document,609999.0
ocds-lcuori-1RaEMR-LP-HJMG-009-2020-2,ocds-lcuori-1RaEMR-LP-HJMG-009-2020-2/3,1RaEMR-LP-HJMG-009-2020-2,1RaEMR-LP-HJMG-009-2020-2,document,500.0
ocds-lcuori-orvkNL-LPN No.13-2020-SEAF-UNAH-2,ocds-lcuori-orvkNL-LPN No.13-2020-SEAF-UNAH-2/3,orvkNL-LPN No.13-2020-SEAF-UNAH-2,orvkNL-LPN No.13-2020-SEAF-UNAH-2,document,500.0
ocds-lcuori-gRN9jG-LPN 001 2020-2,ocds-lcuori-gRN9jG-LPN 001 2020-2/2,gRN9jG-LPN 001 2020-2,gRN9jG-LPN 001 2020-2,document,300.0
ocds-lcuori-2LmqDL-LPuNBS-02-AMDC-04-2020-2,ocds-lcuori-2LmqDL-LPuNBS-02-AMDC-04-2020-2/2,2LmqDL-LPuNBS-02-AMDC-04-2020-2,2LmqDL-LPuNBS-02-AMDC-04-2020-2,document,500.0
ocds-lcuori-2LmqDL-CPuNO-02-AMDC-05-2020-2,ocds-lcuori-2LmqDL-CPuNO-02-AMDC-05-2020-2/3,2LmqDL-CPuNO-02-AMDC-05-2020-2,2LmqDL-CPuNO-02-AMDC-05-2020-2,document,500.0
ocds-lcuori-2LmqDL-LPuNBS-03-AMDC-10-2020-2,ocds-lcuori-2LmqDL-LPuNBS-03-AMDC-10-2020-2/2,2LmqDL-LPuNBS-03-AMDC-10-2020-2,2LmqDL-LPuNBS-03-AMDC-10-2020-2,document,500.0
ocds-lcuori-vGZWNR-LPN-008-2020-2,ocds-lcuori-vGZWNR-LPN-008-2020-2/4,vGZWNR-LPN-008-2020-2,vGZWNR-LPN-008-2020-2,document,300.0
ocds-lcuori-2LmqDL-LPrNO-02-AMDC-06-2020-2,ocds-lcuori-2LmqDL-LPrNO-02-AMDC-06-2020-2/3,2LmqDL-LPrNO-02-AMDC-06-2020-2,2LmqDL-LPrNO-02-AMDC-06-2020-2,document,200.0
ocds-lcuori-7rBxpG-LPública No.03-2020-2,ocds-lcuori-7rBxpG-LPública No.03-2020-2/6,7rBxpG-LPública No.03-2020-2,7rBxpG-LPública No.03-2020-2,document,200.0
ocds-lcuori-vGZWNR-LPN-001-2020-2,ocds-lcuori-vGZWNR-LPN-001-2020-2/3,vGZWNR-LPN-001-2020-2,vGZWNR-LPN-001-2020-2,document,300.0
ocds-lcuori-mrY1dr-LPN-DNVT-001-2020-2,ocds-lcuori-mrY1dr-LPN-DNVT-001-2020-2/2,mrY1dr-LPN-DNVT-001-2020-2,mrY1dr-LPN-DNVT-001-2020-2,document,300.0
ocds-lcuori-7rBxpG-CPúblico No.01-2020-2,ocds-lcuori-7rBxpG-CPúblico No.01-2020-2/4,7rBxpG-CPúblico No.01-2020-2,7rBxpG-CPúblico No.01-2020-2,document,200.0
ocds-lcuori-orvkNL-LPN No.03-2020-SEAF-UNAH-2,ocds-lcuori-orvkNL-LPN No.03-2020-SEAF-UNAH-2/4,orvkNL-LPN No.03-2020-SEAF-UNAH-2,orvkNL-LPN No.03-2020-SEAF-UNAH-2,document,500.0
